"film_id","title","name","min_duration","max_duration","avg_duration","min_rental_rate","max_rental_rate","avg_rental_rate","mode_year","mode_language_id","mode_rating"
911,"Trip Newton","Action",7,7,7.0000000000000000,4.99,4.99,4.9900000000000000,2006,1,"PG-13"
338,"Frisco Forrest","Sci-Fi",6,6,6.0000000000000000,4.99,4.99,4.9900000000000000,2006,1,"PG"
695,"President Bang","Family",6,6,6.0000000000000000,4.99,4.99,4.9900000000000000,2006,1,"PG"
340,"Frontier Cabin","New",6,6,6.0000000000000000,4.99,4.99,4.9900000000000000,2006,1,"PG-13"
694,"Prejudice Oleander","Classics",6,6,6.0000000000000000,4.99,4.99,4.9900000000000000,2006,1,"PG-13"
342,"Fugitive Maguire","Travel",7,7,7.0000000000000000,4.99,4.99,4.9900000000000000,2006,1,"R"
908,"Trap Guys","Foreign",3,3,3.0000000000000000,4.99,4.99,4.9900000000000000,2006,1,"G"
691,"Poseidon Forever","Sports",6,6,6.0000000000000000,4.99,4.99,4.9900000000000000,2006,1,"PG-13"
686,"Pluto Oleander","New",5,5,5.0000000000000000,4.99,4.99,4.9900000000000000,2006,1,"R"
346,"Galaxy Sweethearts","Classics",4,4,4.0000000000000000,4.99,4.99,4.9900000000000000,2006,1,"R"
347,"Games Bowfinger","Travel",7,7,7.0000000000000000,4.99,4.99,4.9900000000000000,2006,1,"PG-13"
685,"Platoon Instinct","New",6,6,6.0000000000000000,4.99,4.99,4.9900000000000000,2006,1,"PG-13"
905,"Trainspotting Strangers","Comedy",7,7,7.0000000000000000,4.99,4.99,4.9900000000000000,2006,1,"PG-13"
350,"Garden Island","Sci-Fi",3,3,3.0000000000000000,4.99,4.99,4.9900000000000000,2006,1,"G"
904,"Train Bunch","Horror",3,3,3.0000000000000000,4.99,4.99,4.9900000000000000,2006,1,"R"
683,"Pity Bound","Drama",5,5,5.0000000000000000,4.99,4.99,4.9900000000000000,2006,1,"NC-17"
112,"Calendar Gunfight","Foreign",4,4,4.0000000000000000,4.99,4.99,4.9900000000000000,2006,1,"NC-17"
354,"Ghost Groundhog","Children",6,6,6.0000000000000000,4.99,4.99,4.9900000000000000,2006,1,"G"
682,"Pittsburgh Hunchback","Family",4,4,4.0000000000000000,4.99,4.99,4.9900000000000000,2006,1,"PG-13"
113,"California Birds","Sports",4,4,4.0000000000000000,4.99,4.99,4.9900000000000000,2006,1,"NC-17"
680,"Pinocchio Simon","Comedy",4,4,4.0000000000000000,4.99,4.99,4.9900000000000000,2006,1,"PG"
676,"Philadelphia Wife","Sports",7,7,7.0000000000000000,4.99,4.99,4.9900000000000000,2006,1,"PG-13"
359,"Gladiator Westward","Family",6,6,6.0000000000000000,4.99,4.99,4.9900000000000000,2006,1,"PG"
671,"Perdition Fargo","Sports",7,7,7.0000000000000000,4.99,4.99,4.9900000000000000,2006,1,"NC-17"
903,"Traffic Hobbit","Travel",5,5,5.0000000000000000,4.99,4.99,4.9900000000000000,2006,1,"G"
989,"Working Microcosmos","Travel",4,4,4.0000000000000000,4.99,4.99,4.9900000000000000,2006,1,"R"
670,"Pelican Comforts","Documentary",4,4,4.0000000000000000,4.99,4.99,4.9900000000000000,2006,1,"PG"
985,"Wonderland Christmas","Sci-Fi",4,4,4.0000000000000000,4.99,4.99,4.9900000000000000,2006,1,"PG"
365,"Gold River","Comedy",4,4,4.0000000000000000,4.99,4.99,4.9900000000000000,2006,1,"R"
668,"Peak Forever","Sports",7,7,7.0000000000000000,4.99,4.99,4.9900000000000000,2006,1,"PG"
666,"Paycheck Wait","Drama",4,4,4.0000000000000000,4.99,4.99,4.9900000000000000,2006,1,"PG-13"
117,"Candles Grapes","Games",6,6,6.0000000000000000,4.99,4.99,4.9900000000000000,2006,1,"NC-17"
369,"Goodfellas Salute","Sci-Fi",4,4,4.0000000000000000,4.99,4.99,4.9900000000000000,2006,1,"PG"
902,"Trading Pinocchio","Sports",6,6,6.0000000000000000,4.99,4.99,4.9900000000000000,2006,1,"PG"
371,"Gosford Donnie","Action",5,5,5.0000000000000000,4.99,4.99,4.9900000000000000,2006,1,"G"
372,"Graceland Dynamite","Sports",5,5,5.0000000000000000,4.99,4.99,4.9900000000000000,2006,1,"R"
898,"Tourist Pelican","Sports",4,4,4.0000000000000000,4.99,4.99,4.9900000000000000,2006,1,"PG-13"
662,"Paths Control","Drama",3,3,3.0000000000000000,4.99,4.99,4.9900000000000000,2006,1,"PG"
120,"Caribbean Liberty","Sports",3,3,3.0000000000000000,4.99,4.99,4.9900000000000000,2006,1,"NC-17"
661,"Past Suicides","Foreign",5,5,5.0000000000000000,4.99,4.99,4.9900000000000000,2006,1,"PG-13"
659,"Park Citizen","Action",3,3,3.0000000000000000,4.99,4.99,4.9900000000000000,2006,1,"PG-13"
44,"Attacks Hate","Sci-Fi",5,5,5.0000000000000000,4.99,4.99,4.9900000000000000,2006,1,"PG-13"
655,"Panther Reds","Sci-Fi",5,5,5.0000000000000000,4.99,4.99,4.9900000000000000,2006,1,"NC-17"
897,"Torque Bound","Drama",3,3,3.0000000000000000,4.99,4.99,4.9900000000000000,2006,1,"G"
381,"Grinch Massage","Games",7,7,7.0000000000000000,4.99,4.99,4.9900000000000000,2006,1,"R"
654,"Panky Submarine","Games",4,4,4.0000000000000000,4.99,4.99,4.9900000000000000,2006,1,"G"
653,"Panic Club","Horror",3,3,3.0000000000000000,4.99,4.99,4.9900000000000000,2006,1,"G"
384,"Grosse Wonderful","Music",5,5,5.0000000000000000,4.99,4.99,4.9900000000000000,2006,1,"R"
385,"Groundhog Uncut","Comedy",6,6,6.0000000000000000,4.99,4.99,4.9900000000000000,2006,1,"PG-13"
386,"Gump Date","Travel",3,3,3.0000000000000000,4.99,4.99,4.9900000000000000,2006,1,"NC-17"
648,"Outlaw Hanky","Travel",7,7,7.0000000000000000,4.99,4.99,4.9900000000000000,2006,1,"PG-13"
640,"Opus Ice","Foreign",5,5,5.0000000000000000,4.99,4.99,4.9900000000000000,2006,1,"R"
123,"Casablanca Super","Travel",6,6,6.0000000000000000,4.99,4.99,4.9900000000000000,2006,1,"G"
390,"Guys Falcon","Sci-Fi",4,4,4.0000000000000000,4.99,4.99,4.9900000000000000,2006,1,"R"
124,"Casper Dragonfly","Children",3,3,3.0000000000000000,4.99,4.99,4.9900000000000000,2006,1,"PG-13"
392,"Hall Cassidy","Children",5,5,5.0000000000000000,4.99,4.99,4.9900000000000000,2006,1,"NC-17"
45,"Attraction Newton","New",5,5,5.0000000000000000,4.99,4.99,4.9900000000000000,2006,1,"PG-13"
126,"Casualties Encino","Action",3,3,3.0000000000000000,4.99,4.99,4.9900000000000000,2006,1,"G"
639,"Opposite Necklace","Family",7,7,7.0000000000000000,4.99,4.99,4.9900000000000000,2006,1,"PG"
396,"Hanging Deep","Drama",5,5,5.0000000000000000,4.99,4.99,4.9900000000000000,2006,1,"G"
127,"Cat Coneheads","Comedy",5,5,5.0000000000000000,4.99,4.99,4.9900000000000000,2006,1,"G"
398,"Hanover Galaxy","Music",5,5,5.0000000000000000,4.99,4.99,4.9900000000000000,2006,1,"NC-17"
893,"Titans Jerk","Sci-Fi",4,4,4.0000000000000000,4.99,4.99,4.9900000000000000,2006,1,"PG"
46,"Autumn Crow","Games",3,3,3.0000000000000000,4.99,4.99,4.9900000000000000,2006,1,"G"
637,"Open African","Sci-Fi",7,7,7.0000000000000000,4.99,4.99,4.9900000000000000,2006,1,"PG"
633,"October Submarine","Classics",6,6,6.0000000000000000,4.99,4.99,4.9900000000000000,2006,1,"PG-13"
403,"Harry Idaho","Drama",5,5,5.0000000000000000,4.99,4.99,4.9900000000000000,2006,1,"PG-13"
632,"Nuts Ties","New",5,5,5.0000000000000000,4.99,4.99,4.9900000000000000,2006,1,"NC-17"
405,"Haunted Antitrust","Travel",6,6,6.0000000000000000,4.99,4.99,4.9900000000000000,2006,1,"NC-17"
627,"North Tequila","Documentary",4,4,4.0000000000000000,4.99,4.99,4.9900000000000000,2006,1,"NC-17"
624,"Nightmare Chill","Games",3,3,3.0000000000000000,4.99,4.99,4.9900000000000000,2006,1,"PG"
408,"Head Stranger","Games",4,4,4.0000000000000000,4.99,4.99,4.9900000000000000,2006,1,"R"
409,"Heartbreakers Bright","Children",3,3,3.0000000000000000,4.99,4.99,4.9900000000000000,2006,1,"G"
892,"Titanic Boondock","Animation",3,3,3.0000000000000000,4.99,4.99,4.9900000000000000,2006,1,"R"
411,"Heavenly Gun","Music",5,5,5.0000000000000000,4.99,4.99,4.9900000000000000,2006,1,"NC-17"
412,"Heavyweights Beast","Documentary",6,6,6.0000000000000000,4.99,4.99,4.9900000000000000,2006,1,"G"
131,"Center Dinosaur","Classics",5,5,5.0000000000000000,4.99,4.99,4.9900000000000000,2006,1,"PG"
889,"Ties Hunger","Children",3,3,3.0000000000000000,4.99,4.99,4.9900000000000000,2006,1,"R"
133,"Chamber Italian","Music",7,7,7.0000000000000000,4.99,4.99,4.9900000000000000,2006,1,"NC-17"
614,"Name Detective","Games",5,5,5.0000000000000000,4.99,4.99,4.9900000000000000,2006,1,"PG-13"
611,"Musketeers Wait","Classics",7,7,7.0000000000000000,4.99,4.99,4.9900000000000000,2006,1,"PG"
607,"Muppet Mile","Foreign",5,5,5.0000000000000000,4.99,4.99,4.9900000000000000,2006,1,"PG"
134,"Champion Flatliners","Animation",4,4,4.0000000000000000,4.99,4.99,4.9900000000000000,2006,1,"PG"
420,"Holes Brannigan","Sports",7,7,7.0000000000000000,4.99,4.99,4.9900000000000000,2006,1,"PG"
421,"Holiday Games","Foreign",7,7,7.0000000000000000,4.99,4.99,4.9900000000000000,2006,1,"PG-13"
422,"Hollow Jeopardy","Sci-Fi",7,7,7.0000000000000000,4.99,4.99,4.9900000000000000,2006,1,"NC-17"
603,"Movie Shakespeare","Family",6,6,6.0000000000000000,4.99,4.99,4.9900000000000000,2006,1,"PG"
597,"Moonwalker Fool","Games",5,5,5.0000000000000000,4.99,4.99,4.9900000000000000,2006,1,"G"
596,"Moonshine Cabin","Games",4,4,4.0000000000000000,4.99,4.99,4.9900000000000000,2006,1,"PG-13"
426,"Home Pity","Music",7,7,7.0000000000000000,4.99,4.99,4.9900000000000000,2006,1,"R"
591,"Monsoon Cause","Games",6,6,6.0000000000000000,4.99,4.99,4.9900000000000000,2006,1,"PG"
47,"Baby Hall","Foreign",5,5,5.0000000000000000,4.99,4.99,4.9900000000000000,2006,1,"NC-17"
588,"Model Fish","Children",4,4,4.0000000000000000,4.99,4.99,4.9900000000000000,2006,1,"NC-17"
587,"Mod Secretary","Documentary",6,6,6.0000000000000000,4.99,4.99,4.9900000000000000,2006,1,"NC-17"
48,"Backlash Undefeated","Children",3,3,3.0000000000000000,4.99,4.99,4.9900000000000000,2006,1,"PG-13"
980,"Wizard Coldblooded","Music",4,4,4.0000000000000000,4.99,4.99,4.9900000000000000,2006,1,"PG"
20,"Amelie Hellfighters","Music",4,4,4.0000000000000000,4.99,4.99,4.9900000000000000,2006,1,"R"
583,"Mission Zoolander","Animation",3,3,3.0000000000000000,4.99,4.99,4.9900000000000000,2006,1,"PG-13"
435,"Hotel Happiness","Foreign",6,6,6.0000000000000000,4.99,4.99,4.9900000000000000,2006,1,"PG-13"
580,"Mine Titans","New",3,3,3.0000000000000000,4.99,4.99,4.9900000000000000,2006,1,"PG-13"
139,"Chasing Fight","Family",7,7,7.0000000000000000,4.99,4.99,4.9900000000000000,2006,1,"PG"
888,"Thin Sagebrush","Documentary",5,5,5.0000000000000000,4.99,4.99,4.9900000000000000,2006,1,"PG-13"
439,"Hunchback Impossible","Drama",4,4,4.0000000000000000,4.99,4.99,4.9900000000000000,2006,1,"PG-13"
579,"Minds Truman","Action",3,3,3.0000000000000000,4.99,4.99,4.9900000000000000,2006,1,"PG-13"
141,"Chicago North","Games",6,6,6.0000000000000000,4.99,4.99,4.9900000000000000,2006,1,"PG-13"
887,"Thief Pelican","Animation",5,5,5.0000000000000000,4.99,4.99,4.9900000000000000,2006,1,"PG-13"
884,"Terminator Club","Music",5,5,5.0000000000000000,4.99,4.99,4.9900000000000000,2006,1,"R"
444,"Hustler Party","Comedy",3,3,3.0000000000000000,4.99,4.99,4.9900000000000000,2006,1,"NC-17"
144,"Chinatown Gladiator","New",7,7,7.0000000000000000,4.99,4.99,4.9900000000000000,2006,1,"PG"
446,"Hysterical Grail","Sports",5,5,5.0000000000000000,4.99,4.99,4.9900000000000000,2006,1,"PG"
145,"Chisum Behavior","Family",5,5,5.0000000000000000,4.99,4.99,4.9900000000000000,2006,1,"G"
21,"American Circus","Action",3,3,3.0000000000000000,4.99,4.99,4.9900000000000000,2006,1,"R"
883,"Tequila Past","Children",6,6,6.0000000000000000,4.99,4.99,4.9900000000000000,2006,1,"PG"
956,"Wanda Chamber","Games",7,7,7.0000000000000000,4.99,4.99,4.9900000000000000,2006,1,"PG-13"
451,"Igby Maker","Travel",7,7,7.0000000000000000,4.99,4.99,4.9900000000000000,2006,1,"NC-17"
578,"Million Ace","Classics",4,4,4.0000000000000000,4.99,4.99,4.9900000000000000,2006,1,"PG-13"
881,"Temple Attraction","Horror",5,5,5.0000000000000000,4.99,4.99,4.9900000000000000,2006,1,"PG"
575,"Midsummer Groundhog","Documentary",3,3,3.0000000000000000,4.99,4.99,4.9900000000000000,2006,1,"G"
455,"Impossible Prejudice","Foreign",7,7,7.0000000000000000,4.99,4.99,4.9900000000000000,2006,1,"NC-17"
456,"Inch Jet","Animation",6,6,6.0000000000000000,4.99,4.99,4.9900000000000000,2006,1,"NC-17"
570,"Mermaid Insects","Sports",5,5,5.0000000000000000,4.99,4.99,4.9900000000000000,2006,1,"NC-17"
568,"Memento Zoolander","Comedy",4,4,4.0000000000000000,4.99,4.99,4.9900000000000000,2006,1,"NC-17"
459,"Informer Double","Foreign",4,4,4.0000000000000000,4.99,4.99,4.9900000000000000,2006,1,"NC-17"
460,"Innocent Usual","Foreign",3,3,3.0000000000000000,4.99,4.99,4.9900000000000000,2006,1,"PG-13"
565,"Matrix Snowman","Foreign",6,6,6.0000000000000000,4.99,4.99,4.9900000000000000,2006,1,"PG-13"
2,"Ace Goldfinger","Horror",3,3,3.0000000000000000,4.99,4.99,4.9900000000000000,2006,1,"G"
151,"Cincinatti Whisperer","Sci-Fi",5,5,5.0000000000000000,4.99,4.99,4.9900000000000000,2006,1,"NC-17"
955,"Walls Artist","Children",7,7,7.0000000000000000,4.99,4.99,4.9900000000000000,2006,1,"PG"
465,"Interview Liaisons","New",4,4,4.0000000000000000,4.99,4.99,4.9900000000000000,2006,1,"R"
466,"Intolerable Intentions","Documentary",6,6,6.0000000000000000,4.99,4.99,4.9900000000000000,2006,1,"PG-13"
563,"Massacre Usual","Games",6,6,6.0000000000000000,4.99,4.99,4.9900000000000000,2006,1,"R"
879,"Telegraph Voyage","Music",3,3,3.0000000000000000,4.99,4.99,4.9900000000000000,2006,1,"PG"
469,"Iron Moon","Classics",7,7,7.0000000000000000,4.99,4.99,4.9900000000000000,2006,1,"PG"
470,"Ishtar Rocketeer","Animation",4,4,4.0000000000000000,4.99,4.99,4.9900000000000000,2006,1,"R"
979,"Witches Panic","Drama",6,6,6.0000000000000000,4.99,4.99,4.9900000000000000,2006,1,"NC-17"
472,"Italian African","Travel",3,3,3.0000000000000000,4.99,4.99,4.9900000000000000,2006,1,"G"
878,"Teen Apollo","Travel",3,3,3.0000000000000000,4.99,4.99,4.9900000000000000,2006,1,"G"
156,"Clerks Angels","Documentary",3,3,3.0000000000000000,4.99,4.99,4.9900000000000000,2006,1,"G"
556,"Maltese Hope","Games",6,6,6.0000000000000000,4.99,4.99,4.9900000000000000,2006,1,"PG-13"
871,"Sweden Shining","Comedy",6,6,6.0000000000000000,4.99,4.99,4.9900000000000000,2006,1,"PG"
551,"Maiden Home","New",3,3,3.0000000000000000,4.99,4.99,4.9900000000000000,2006,1,"PG"
10,"Aladdin Calendar","Sports",6,6,6.0000000000000000,4.99,4.99,4.9900000000000000,2006,1,"NC-17"
543,"Madigan Dorado","Travel",5,5,5.0000000000000000,4.99,4.99,4.9900000000000000,2006,1,"R"
159,"Closer Bang","Comedy",5,5,5.0000000000000000,4.99,4.99,4.9900000000000000,2006,1,"R"
867,"Super Wyoming","Family",5,5,5.0000000000000000,4.99,4.99,4.9900000000000000,2006,1,"PG"
532,"Loser Hustler","Sports",5,5,5.0000000000000000,4.99,4.99,4.9900000000000000,2006,1,"PG"
161,"Clue Grail","Music",6,6,6.0000000000000000,4.99,4.99,4.9900000000000000,2006,1,"NC-17"
1000,"Zorro Ark","Comedy",3,3,3.0000000000000000,4.99,4.99,4.9900000000000000,2006,1,"NC-17"
485,"Jersey Sassy","Children",6,6,6.0000000000000000,4.99,4.99,4.9900000000000000,2006,1,"PG"
486,"Jet Neighbors","Foreign",7,7,7.0000000000000000,4.99,4.99,4.9900000000000000,2006,1,"R"
487,"Jingle Sagebrush","Classics",6,6,6.0000000000000000,4.99,4.99,4.9900000000000000,2006,1,"PG-13"
527,"Lola Agent","Horror",4,4,4.0000000000000000,4.99,4.99,4.9900000000000000,2006,1,"PG"
521,"Lies Treatment","Drama",7,7,7.0000000000000000,4.99,4.99,4.9900000000000000,2006,1,"NC-17"
865,"Sunrise League","Animation",3,3,3.0000000000000000,4.99,4.99,4.9900000000000000,2006,1,"PG-13"
518,"Liaisons Sweet","Travel",5,5,5.0000000000000000,4.99,4.99,4.9900000000000000,2006,1,"PG"
515,"Legally Secretary","Children",7,7,7.0000000000000000,4.99,4.99,4.9900000000000000,2006,1,"PG"
512,"League Hellfighters","Classics",5,5,5.0000000000000000,4.99,4.99,4.9900000000000000,2006,1,"PG-13"
510,"Lawless Vision","Animation",6,6,6.0000000000000000,4.99,4.99,4.9900000000000000,2006,1,"G"
861,"Suit Walls","Games",3,3,3.0000000000000000,4.99,4.99,4.9900000000000000,2006,1,"R"
508,"Lambs Cincinatti","Games",6,6,6.0000000000000000,4.99,4.99,4.9900000000000000,2006,1,"PG-13"
506,"Lady Stage","Horror",4,4,4.0000000000000000,4.99,4.99,4.9900000000000000,2006,1,"PG"
165,"Coldblooded Darling","Sci-Fi",7,7,7.0000000000000000,4.99,4.99,4.9900000000000000,2006,1,"G"
499,"King Evolution","Family",3,3,3.0000000000000000,4.99,4.99,4.9900000000000000,2006,1,"NC-17"
500,"Kiss Glory","Foreign",5,5,5.0000000000000000,4.99,4.99,4.9900000000000000,2006,1,"PG-13"
501,"Kissing Dolls","Action",3,3,3.0000000000000000,4.99,4.99,4.9900000000000000,2006,1,"R"
973,"Wife Turn","Documentary",3,3,3.0000000000000000,4.99,4.99,4.9900000000000000,2006,1,"NC-17"
167,"Coma Head","Travel",6,6,6.0000000000000000,4.99,4.99,4.9900000000000000,2006,1,"NC-17"
860,"Suicides Silence","Sci-Fi",4,4,4.0000000000000000,4.99,4.99,4.9900000000000000,2006,1,"G"
972,"Whisperer Giant","Sci-Fi",4,4,4.0000000000000000,4.99,4.99,4.9900000000000000,2006,1,"PG-13"
170,"Command Darling","Foreign",5,5,5.0000000000000000,4.99,4.99,4.9900000000000000,2006,1,"PG-13"
171,"Commandments Express","Horror",6,6,6.0000000000000000,4.99,4.99,4.9900000000000000,2006,1,"R"
172,"Coneheads Smoochy","Drama",7,7,7.0000000000000000,4.99,4.99,4.9900000000000000,2006,1,"NC-17"
173,"Confessions Maguire","Drama",7,7,7.0000000000000000,4.99,4.99,4.9900000000000000,2006,1,"PG-13"
174,"Confidential Interview","Music",6,6,6.0000000000000000,4.99,4.99,4.9900000000000000,2006,1,"NC-17"
60,"Beast Hunchback","Classics",3,3,3.0000000000000000,4.99,4.99,4.9900000000000000,2006,1,"R"
859,"Sugar Wonka","Animation",3,3,3.0000000000000000,4.99,4.99,4.9900000000000000,2006,1,"PG"
177,"Connecticut Tramp","Sci-Fi",4,4,4.0000000000000000,4.99,4.99,4.9900000000000000,2006,1,"R"
858,"Submarine Bed","Comedy",5,5,5.0000000000000000,4.99,4.99,4.9900000000000000,2006,1,"R"
179,"Conquerer Nuts","Drama",4,4,4.0000000000000000,4.99,4.99,4.9900000000000000,2006,1,"G"
61,"Beauty Grease","Drama",5,5,5.0000000000000000,4.99,4.99,4.9900000000000000,2006,1,"G"
28,"Anthem Luke","Comedy",5,5,5.0000000000000000,4.99,4.99,4.9900000000000000,2006,1,"PG-13"
182,"Control Anthem","Comedy",7,7,7.0000000000000000,4.99,4.99,4.9900000000000000,2006,1,"G"
183,"Conversation Downhill","Family",4,4,4.0000000000000000,4.99,4.99,4.9900000000000000,2006,1,"R"
954,"Wake Jaws","New",7,7,7.0000000000000000,4.99,4.99,4.9900000000000000,2006,1,"G"
950,"Volume House","Classics",7,7,7.0000000000000000,4.99,4.99,4.9900000000000000,2006,1,"PG"
856,"Streetcar Intentions","Horror",5,5,5.0000000000000000,4.99,4.99,4.9900000000000000,2006,1,"R"
65,"Behavior Runaway","Horror",3,3,3.0000000000000000,4.99,4.99,4.9900000000000000,2006,1,"PG"
946,"Virtual Spoilers","Family",3,3,3.0000000000000000,4.99,4.99,4.9900000000000000,2006,1,"NC-17"
854,"Strangers Graffiti","Horror",4,4,4.0000000000000000,4.99,4.99,4.9900000000000000,2006,1,"R"
190,"Creepers Kane","Classics",5,5,5.0000000000000000,4.99,4.99,4.9900000000000000,2006,1,"NC-17"
853,"Stranger Strangers","Children",3,3,3.0000000000000000,4.99,4.99,4.9900000000000000,2006,1,"G"
192,"Crossing Divorce","Foreign",4,4,4.0000000000000000,4.99,4.99,4.9900000000000000,2006,1,"R"
995,"Yentl Idaho","Horror",5,5,5.0000000000000000,4.99,4.99,4.9900000000000000,2006,1,"R"
846,"Sting Personal","New",3,3,3.0000000000000000,4.99,4.99,4.9900000000000000,2006,1,"NC-17"
195,"Crowds Telemark","Sci-Fi",3,3,3.0000000000000000,4.99,4.99,4.9900000000000000,2006,1,"R"
845,"Stepmom Dream","Foreign",7,7,7.0000000000000000,4.99,4.99,4.9900000000000000,2006,1,"NC-17"
68,"Betrayed Rear","Children",5,5,5.0000000000000000,4.99,4.99,4.9900000000000000,2006,1,"NC-17"
13,"Ali Forever","Horror",4,4,4.0000000000000000,4.99,4.99,4.9900000000000000,2006,1,"PG"
70,"Bikini Borrowers","Animation",7,7,7.0000000000000000,4.99,4.99,4.9900000000000000,2006,1,"NC-17"
844,"Steers Armageddon","Sports",6,6,6.0000000000000000,4.99,4.99,4.9900000000000000,2006,1,"PG"
71,"Bilko Anonymous","Family",3,3,3.0000000000000000,4.99,4.99,4.9900000000000000,2006,1,"PG-13"
202,"Daddy Pittsburgh","Comedy",5,5,5.0000000000000000,4.99,4.99,4.9900000000000000,2006,1,"G"
203,"Daisy Menagerie","Sci-Fi",5,5,5.0000000000000000,4.99,4.99,4.9900000000000000,2006,1,"G"
843,"Steel Santa","Classics",4,4,4.0000000000000000,4.99,4.99,4.9900000000000000,2006,1,"NC-17"
838,"Stagecoach Armageddon","Action",5,5,5.0000000000000000,4.99,4.99,4.9900000000000000,2006,1,"R"
827,"Spice Sorority","Drama",5,5,5.0000000000000000,4.99,4.99,4.9900000000000000,2006,1,"NC-17"
207,"Dangerous Uptown","Foreign",7,7,7.0000000000000000,4.99,4.99,4.9900000000000000,2006,1,"PG"
31,"Apache Divine","Family",5,5,5.0000000000000000,4.99,4.99,4.9900000000000000,2006,1,"NC-17"
32,"Apocalypse Flamingos","New",6,6,6.0000000000000000,4.99,4.99,4.9900000000000000,2006,1,"R"
210,"Darko Dorado","Action",3,3,3.0000000000000000,4.99,4.99,4.9900000000000000,2006,1,"NC-17"
211,"Darling Breaking","Games",7,7,7.0000000000000000,4.99,4.99,4.9900000000000000,2006,1,"PG-13"
212,"Darn Forrester","Action",7,7,7.0000000000000000,4.99,4.99,4.9900000000000000,2006,1,"G"
826,"Speed Suit","Travel",7,7,7.0000000000000000,4.99,4.99,4.9900000000000000,2006,1,"PG-13"
214,"Daughter Madigan","Children",3,3,3.0000000000000000,4.99,4.99,4.9900000000000000,2006,1,"PG-13"
215,"Dawn Pond","Games",4,4,4.0000000000000000,4.99,4.99,4.9900000000000000,2006,1,"PG"
216,"Day Unfaithful","New",3,3,3.0000000000000000,4.99,4.99,4.9900000000000000,2006,1,"G"
217,"Dazed Punk","Games",6,6,6.0000000000000000,4.99,4.99,4.9900000000000000,2006,1,"G"
824,"Spartacus Cheaper","Family",4,4,4.0000000000000000,4.99,4.99,4.9900000000000000,2006,1,"NC-17"
219,"Deep Crusade","Documentary",6,6,6.0000000000000000,4.99,4.99,4.9900000000000000,2006,1,"PG-13"
74,"Birch Antitrust","Music",4,4,4.0000000000000000,4.99,4.99,4.9900000000000000,2006,1,"PG"
818,"Something Duck","Drama",4,4,4.0000000000000000,4.99,4.99,4.9900000000000000,2006,1,"NC-17"
222,"Desert Poseidon","Horror",4,4,4.0000000000000000,4.99,4.99,4.9900000000000000,2006,1,"R"
75,"Bird Independence","Travel",6,6,6.0000000000000000,4.99,4.99,4.9900000000000000,2006,1,"G"
224,"Desperate Trainspotting","Travel",7,7,7.0000000000000000,4.99,4.99,4.9900000000000000,2006,1,"G"
817,"Soldiers Evolution","Sci-Fi",7,7,7.0000000000000000,4.99,4.99,4.9900000000000000,2006,1,"R"
226,"Destiny Saturday","New",4,4,4.0000000000000000,4.99,4.99,4.9900000000000000,2006,1,"G"
227,"Details Packer","Games",4,4,4.0000000000000000,4.99,4.99,4.9900000000000000,2006,1,"R"
814,"Snatch Slipper","Comedy",6,6,6.0000000000000000,4.99,4.99,4.9900000000000000,2006,1,"PG"
229,"Devil Desire","Action",6,6,6.0000000000000000,4.99,4.99,4.9900000000000000,2006,1,"R"
944,"Virgin Daisy","Drama",6,6,6.0000000000000000,4.99,4.99,4.9900000000000000,2006,1,"PG-13"
77,"Birds Perdition","New",5,5,5.0000000000000000,4.99,4.99,4.9900000000000000,2006,1,"G"
994,"Wyoming Storm","New",6,6,6.0000000000000000,4.99,4.99,4.9900000000000000,2006,1,"PG-13"
805,"Sleepless Monsoon","Animation",5,5,5.0000000000000000,4.99,4.99,4.9900000000000000,2006,1,"G"
943,"Villain Desperate","Documentary",4,4,4.0000000000000000,4.99,4.99,4.9900000000000000,2006,1,"PG-13"
971,"Whale Bikini","Foreign",4,4,4.0000000000000000,4.99,4.99,4.9900000000000000,2006,1,"PG-13"
81,"Blindness Gun","Sci-Fi",6,6,6.0000000000000000,4.99,4.99,4.9900000000000000,2006,1,"PG-13"
941,"Videotape Arsenic","Games",4,4,4.0000000000000000,4.99,4.99,4.9900000000000000,2006,1,"NC-17"
7,"Airplane Sierra","Comedy",6,6,6.0000000000000000,4.99,4.99,4.9900000000000000,2006,1,"PG-13"
239,"Dogma Family","Animation",5,5,5.0000000000000000,4.99,4.99,4.9900000000000000,2006,1,"G"
84,"Boiled Dares","Travel",7,7,7.0000000000000000,4.99,4.99,4.9900000000000000,2006,1,"PG"
804,"Sleeping Suspects","Horror",7,7,7.0000000000000000,4.99,4.99,4.9900000000000000,2006,1,"PG-13"
803,"Slacker Liaisons","Drama",7,7,7.0000000000000000,4.99,4.99,4.9900000000000000,2006,1,"R"
243,"Doors President","Animation",3,3,3.0000000000000000,4.99,4.99,4.9900000000000000,2006,1,"NC-17"
244,"Dorado Notting","Music",5,5,5.0000000000000000,4.99,4.99,4.9900000000000000,2006,1,"NC-17"
801,"Sister Freddy","Children",5,5,5.0000000000000000,4.99,4.99,4.9900000000000000,2006,1,"PG-13"
246,"Doubtfire Labyrinth","Foreign",5,5,5.0000000000000000,4.99,4.99,4.9900000000000000,2006,1,"R"
798,"Silverado Goldfinger","Sci-Fi",4,4,4.0000000000000000,4.99,4.99,4.9900000000000000,2006,1,"PG"
248,"Dozen Lion","Documentary",6,6,6.0000000000000000,4.99,4.99,4.9900000000000000,2006,1,"NC-17"
791,"Show Lord","Documentary",3,3,3.0000000000000000,4.99,4.99,4.9900000000000000,2006,1,"PG-13"
785,"Shawshank Bubble","Travel",6,6,6.0000000000000000,4.99,4.99,4.9900000000000000,2006,1,"PG"
251,"Dragonfly Strangers","New",6,6,6.0000000000000000,4.99,4.99,4.9900000000000000,2006,1,"NC-17"
938,"Velvet Terminator","Comedy",3,3,3.0000000000000000,4.99,4.99,4.9900000000000000,2006,1,"R"
253,"Drifter Commandments","Action",5,5,5.0000000000000000,4.99,4.99,4.9900000000000000,2006,1,"PG-13"
86,"Boogie Amelie","Music",6,6,6.0000000000000000,4.99,4.99,4.9900000000000000,2006,1,"R"
255,"Driving Polish","Music",6,6,6.0000000000000000,4.99,4.99,4.9900000000000000,2006,1,"NC-17"
256,"Drop Waterfront","Sports",6,6,6.0000000000000000,4.99,4.99,4.9900000000000000,2006,1,"R"
781,"Seven Swarm","Games",4,4,4.0000000000000000,4.99,4.99,4.9900000000000000,2006,1,"R"
780,"Sensibility Rear","Family",7,7,7.0000000000000000,4.99,4.99,4.9900000000000000,2006,1,"PG"
934,"Vanilla Day","Games",7,7,7.0000000000000000,4.99,4.99,4.9900000000000000,2006,1,"NC-17"
260,"Dude Blindness","Sports",3,3,3.0000000000000000,4.99,4.99,4.9900000000000000,2006,1,"G"
779,"Sense Greek","Sports",4,4,4.0000000000000000,4.99,4.99,4.9900000000000000,2006,1,"R"
778,"Secrets Paradise","Family",3,3,3.0000000000000000,4.99,4.99,4.9900000000000000,2006,1,"G"
263,"Durham Panky","Sports",6,6,6.0000000000000000,4.99,4.99,4.9900000000000000,2006,1,"R"
88,"Born Spinal","Travel",7,7,7.0000000000000000,4.99,4.99,4.9900000000000000,2006,1,"PG"
265,"Dying Maker","Comedy",5,5,5.0000000000000000,4.99,4.99,4.9900000000000000,2006,1,"PG"
777,"Secretary Rouge","Sports",5,5,5.0000000000000000,4.99,4.99,4.9900000000000000,2006,1,"PG"
267,"Eagles Panky","New",4,4,4.0000000000000000,4.99,4.99,4.9900000000000000,2006,1,"NC-17"
268,"Early Home","Animation",6,6,6.0000000000000000,4.99,4.99,4.9900000000000000,2006,1,"NC-17"
776,"Secret Groundhog","Documentary",6,6,6.0000000000000000,4.99,4.99,4.9900000000000000,2006,1,"PG"
775,"Seattle Expecations","Drama",4,4,4.0000000000000000,4.99,4.99,4.9900000000000000,2006,1,"PG-13"
271,"Easy Gladiator","Action",5,5,5.0000000000000000,4.99,4.99,4.9900000000000000,2006,1,"G"
272,"Edge Kissing","Drama",5,5,5.0000000000000000,4.99,4.99,4.9900000000000000,2006,1,"NC-17"
771,"Scorpion Apollo","Drama",3,3,3.0000000000000000,4.99,4.99,4.9900000000000000,2006,1,"NC-17"
933,"Vampire Whale","New",4,4,4.0000000000000000,4.99,4.99,4.9900000000000000,2006,1,"NC-17"
769,"School Jacket","Foreign",5,5,5.0000000000000000,4.99,4.99,4.9900000000000000,2006,1,"PG-13"
276,"Element Freddy","Comedy",6,6,6.0000000000000000,4.99,4.99,4.9900000000000000,2006,1,"NC-17"
277,"Elephant Trojan","Horror",4,4,4.0000000000000000,4.99,4.99,4.9900000000000000,2006,1,"PG-13"
278,"Elf Murder","Music",4,4,4.0000000000000000,4.99,4.99,4.9900000000000000,2006,1,"NC-17"
279,"Elizabeth Shane","Sports",7,7,7.0000000000000000,4.99,4.99,4.9900000000000000,2006,1,"NC-17"
768,"Scarface Bang","Children",3,3,3.0000000000000000,4.99,4.99,4.9900000000000000,2006,1,"PG-13"
767,"Scalawag Duck","Music",6,6,6.0000000000000000,4.99,4.99,4.9900000000000000,2006,1,"NC-17"
765,"Saturn Name","Comedy",7,7,7.0000000000000000,4.99,4.99,4.9900000000000000,2006,1,"R"
764,"Saturday Lambs","Sports",3,3,3.0000000000000000,4.99,4.99,4.9900000000000000,2006,1,"G"
284,"Enemy Odds","Music",5,5,5.0000000000000000,4.99,4.99,4.9900000000000000,2006,1,"NC-17"
763,"Satisfaction Confidential","Sports",3,3,3.0000000000000000,4.99,4.99,4.9900000000000000,2006,1,"G"
929,"Usual Untouchables","Foreign",5,5,5.0000000000000000,4.99,4.99,4.9900000000000000,2006,1,"PG-13"
755,"Sabrina Midnight","Children",5,5,5.0000000000000000,4.99,4.99,4.9900000000000000,2006,1,"PG"
922,"Undefeated Dalmations","Horror",7,7,7.0000000000000000,4.99,4.99,4.9900000000000000,2006,1,"PG-13"
289,"Eve Resurrection","New",5,5,5.0000000000000000,4.99,4.99,4.9900000000000000,2006,1,"G"
749,"Rules Human","Horror",6,6,6.0000000000000000,4.99,4.99,4.9900000000000000,2006,1,"R"
745,"Roses Treasure","Sports",5,5,5.0000000000000000,4.99,4.99,4.9900000000000000,2006,1,"PG-13"
739,"Rocky War","Drama",4,4,4.0000000000000000,4.99,4.99,4.9900000000000000,2006,1,"PG-13"
92,"Bowfinger Gables","Horror",7,7,7.0000000000000000,4.99,4.99,4.9900000000000000,2006,1,"NC-17"
294,"Expecations Natural","Travel",5,5,5.0000000000000000,4.99,4.99,4.9900000000000000,2006,1,"PG-13"
734,"Road Roxanne","Documentary",4,4,4.0000000000000000,4.99,4.99,4.9900000000000000,2006,1,"R"
93,"Brannigan Sunrise","New",4,4,4.0000000000000000,4.99,4.99,4.9900000000000000,2006,1,"PG"
969,"West Lion","Drama",4,4,4.0000000000000000,4.99,4.99,4.9900000000000000,2006,1,"G"
95,"Breakfast Goldfinger","New",5,5,5.0000000000000000,4.99,4.99,4.9900000000000000,2006,1,"G"
731,"Right Cranes","Classics",7,7,7.0000000000000000,4.99,4.99,4.9900000000000000,2006,1,"PG-13"
300,"Falcon Volume","Animation",5,5,5.0000000000000000,4.99,4.99,4.9900000000000000,2006,1,"PG-13"
725,"Requiem Tycoon","Classics",6,6,6.0000000000000000,4.99,4.99,4.9900000000000000,2006,1,"R"
8,"Airport Pollock","Horror",6,6,6.0000000000000000,4.99,4.99,4.9900000000000000,2006,1,"R"
721,"Reds Pocus","Music",7,7,7.0000000000000000,4.99,4.99,4.9900000000000000,2006,1,"PG-13"
919,"Tycoon Gathering","Games",3,3,3.0000000000000000,4.99,4.99,4.9900000000000000,2006,1,"G"
98,"Bright Encounters","Drama",4,4,4.0000000000000000,4.99,4.99,4.9900000000000000,2006,1,"PG-13"
719,"Records Zorro","Sports",7,7,7.0000000000000000,4.99,4.99,4.9900000000000000,2006,1,"PG"
307,"Fellowship Autumn","Travel",6,6,6.0000000000000000,4.99,4.99,4.9900000000000000,2006,1,"NC-17"
968,"Werewolf Lola","Action",6,6,6.0000000000000000,4.99,4.99,4.9900000000000000,2006,1,"G"
715,"Range Moonwalker","Family",3,3,3.0000000000000000,4.99,4.99,4.9900000000000000,2006,1,"PG"
310,"Fever Empire","Games",5,5,5.0000000000000000,4.99,4.99,4.9900000000000000,2006,1,"R"
713,"Rainbow Shock","Documentary",3,3,3.0000000000000000,4.99,4.99,4.9900000000000000,2006,1,"PG"
312,"Fiddler Lost","Sci-Fi",4,4,4.0000000000000000,4.99,4.99,4.9900000000000000,2006,1,"R"
313,"Fidelity Devil","Horror",5,5,5.0000000000000000,4.99,4.99,4.9900000000000000,2006,1,"G"
711,"Raging Airplane","Sci-Fi",4,4,4.0000000000000000,4.99,4.99,4.9900000000000000,2006,1,"R"
710,"Rage Games","Family",4,4,4.0000000000000000,4.99,4.99,4.9900000000000000,2006,1,"R"
316,"Fire Wolves","Games",5,5,5.0000000000000000,4.99,4.99,4.9900000000000000,2006,1,"R"
708,"Quills Bull","Documentary",4,4,4.0000000000000000,4.99,4.99,4.9900000000000000,2006,1,"R"
706,"Queen Luke","Drama",5,5,5.0000000000000000,4.99,4.99,4.9900000000000000,2006,1,"PG"
100,"Brooklyn Desert","Foreign",7,7,7.0000000000000000,4.99,4.99,4.9900000000000000,2006,1,"R"
320,"Flamingos Connecticut","New",4,4,4.0000000000000000,4.99,4.99,4.9900000000000000,2006,1,"PG-13"
321,"Flash Wars","New",3,3,3.0000000000000000,4.99,4.99,4.9900000000000000,2006,1,"NC-17"
918,"Twisted Pirates","Children",4,4,4.0000000000000000,4.99,4.99,4.9900000000000000,2006,1,"PG"
323,"Flight Lies","Sports",7,7,7.0000000000000000,4.99,4.99,4.9900000000000000,2006,1,"R"
324,"Flintstones Happiness","Comedy",3,3,3.0000000000000000,4.99,4.99,4.9900000000000000,2006,1,"PG-13"
102,"Bubble Grosse","Sports",4,4,4.0000000000000000,4.99,4.99,4.9900000000000000,2006,1,"R"
103,"Bucket Brotherhood","Travel",7,7,7.0000000000000000,4.99,4.99,4.9900000000000000,2006,1,"PG"
327,"Fool Mockingbird","Action",3,3,3.0000000000000000,4.99,4.99,4.9900000000000000,2006,1,"PG"
964,"Waterfront Deliverance","Action",4,4,4.0000000000000000,4.99,4.99,4.9900000000000000,2006,1,"G"
915,"Truman Crazy","Action",7,7,7.0000000000000000,4.99,4.99,4.9900000000000000,2006,1,"G"
330,"Forrester Comancheros","Animation",7,7,7.0000000000000000,4.99,4.99,4.9900000000000000,2006,1,"NC-17"
961,"Wash Heavenly","Foreign",7,7,7.0000000000000000,4.99,4.99,4.9900000000000000,2006,1,"R"
703,"Punk Divorce","Animation",6,6,6.0000000000000000,4.99,4.99,4.9900000000000000,2006,1,"PG"
957,"War Notting","Foreign",7,7,7.0000000000000000,4.99,4.99,4.9900000000000000,2006,1,"G"
334,"Freddy Storm","Horror",6,6,6.0000000000000000,4.99,4.99,4.9900000000000000,2006,1,"NC-17"
699,"Private Drop","Games",7,7,7.0000000000000000,4.99,4.99,4.9900000000000000,2006,1,"PG"
336,"French Holiday","Documentary",5,5,5.0000000000000000,4.99,4.99,4.9900000000000000,2006,1,"PG"
626,"Noon Papi","Children",5,5,5.0000000000000000,2.99,2.99,2.9900000000000000,2006,1,"G"
3,"Adaptation Holes","Documentary",7,7,7.0000000000000000,2.99,2.99,2.9900000000000000,2006,1,"NC-17"
4,"Affair Prejudice","Horror",5,5,5.0000000000000000,2.99,2.99,2.9900000000000000,2006,1,"G"
5,"African Egg","Thriller",6,6,6.0000000000000000,2.99,2.99,2.9900000000000000,2006,1,"G"
6,"Agent Truman","Foreign",3,3,3.0000000000000000,2.99,2.99,2.9900000000000000,2006,1,"PG"
9,"Alabama Devil","Horror",3,3,3.0000000000000000,2.99,2.99,2.9900000000000000,2006,1,"PG-13"
15,"Alien Center","Foreign",5,5,5.0000000000000000,2.99,2.99,2.9900000000000000,2006,1,"NC-17"
16,"Alley Evolution","Foreign",6,6,6.0000000000000000,2.99,2.99,2.9900000000000000,2006,1,"NC-17"
22,"Amistad Midsummer","New",6,6,6.0000000000000000,2.99,2.99,2.9900000000000000,2006,1,"G"
24,"Analyze Hoosiers","Horror",6,6,6.0000000000000000,2.99,2.99,2.9900000000000000,2006,1,"R"
25,"Angels Life","New",3,3,3.0000000000000000,2.99,2.99,2.9900000000000000,2006,1,"G"
29,"Antitrust Tomatoes","Action",5,5,5.0000000000000000,2.99,2.99,2.9900000000000000,2006,1,"NC-17"
30,"Anything Savannah","Horror",4,4,4.0000000000000000,2.99,2.99,2.9900000000000000,2006,1,"R"
33,"Apollo Teen","Drama",5,5,5.0000000000000000,2.99,2.99,2.9900000000000000,2006,1,"PG-13"
35,"Arachnophobia Rollercoaster","Horror",4,4,4.0000000000000000,2.99,2.99,2.9900000000000000,2006,1,"PG-13"
37,"Arizona Bang","Classics",3,3,3.0000000000000000,2.99,2.99,2.9900000000000000,2006,1,"PG"
42,"Artist Coldblooded","Sports",5,5,5.0000000000000000,2.99,2.99,2.9900000000000000,2006,1,"NC-17"
43,"Atlantis Cause","Family",6,6,6.0000000000000000,2.99,2.99,2.9900000000000000,2006,1,"G"
49,"Badman Dawn","Sci-Fi",6,6,6.0000000000000000,2.99,2.99,2.9900000000000000,2006,1,"R"
50,"Baked Cleopatra","Family",3,3,3.0000000000000000,2.99,2.99,2.9900000000000000,2006,1,"G"
51,"Balloon Homeward","Music",5,5,5.0000000000000000,2.99,2.99,2.9900000000000000,2006,1,"NC-17"
53,"Bang Kwai","Family",5,5,5.0000000000000000,2.99,2.99,2.9900000000000000,2006,1,"NC-17"
55,"Barbarella Streetcar","Sci-Fi",6,6,6.0000000000000000,2.99,2.99,2.9900000000000000,2006,1,"G"
56,"Barefoot Manchurian","Action",6,6,6.0000000000000000,2.99,2.99,2.9900000000000000,2006,1,"G"
57,"Basic Easy","Travel",4,4,4.0000000000000000,2.99,2.99,2.9900000000000000,2006,1,"PG-13"
58,"Beach Heartbreakers","Documentary",6,6,6.0000000000000000,2.99,2.99,2.9900000000000000,2006,1,"G"
59,"Bear Graceland","Children",4,4,4.0000000000000000,2.99,2.99,2.9900000000000000,2006,1,"R"
62,"Bed Highball","Documentary",5,5,5.0000000000000000,2.99,2.99,2.9900000000000000,2006,1,"NC-17"
67,"Berets Agent","Action",5,5,5.0000000000000000,2.99,2.99,2.9900000000000000,2006,1,"PG-13"
69,"Beverly Outlaw","Sci-Fi",3,3,3.0000000000000000,2.99,2.99,2.9900000000000000,2006,1,"R"
72,"Bill Others","Documentary",6,6,6.0000000000000000,2.99,2.99,2.9900000000000000,2006,1,"PG"
73,"Bingo Talented","Sci-Fi",5,5,5.0000000000000000,2.99,2.99,2.9900000000000000,2006,1,"PG-13"
78,"Blackout Private","Animation",7,7,7.0000000000000000,2.99,2.99,2.9900000000000000,2006,1,"PG"
80,"Blanket Beverly","Family",7,7,7.0000000000000000,2.99,2.99,2.9900000000000000,2006,1,"G"
83,"Blues Instinct","Family",5,5,5.0000000000000000,2.99,2.99,2.9900000000000000,2006,1,"G"
94,"Braveheart Human","Family",7,7,7.0000000000000000,2.99,2.99,2.9900000000000000,2006,1,"PG-13"
96,"Breaking Home","New",4,4,4.0000000000000000,2.99,2.99,2.9900000000000000,2006,1,"PG-13"
99,"Bringing Hysterical","Comedy",7,7,7.0000000000000000,2.99,2.99,2.9900000000000000,2006,1,"PG"
104,"Bugsy Song","Foreign",4,4,4.0000000000000000,2.99,2.99,2.9900000000000000,2006,1,"G"
106,"Bulworth Commandments","Games",4,4,4.0000000000000000,2.99,2.99,2.9900000000000000,2006,1,"G"
107,"Bunch Minds","Drama",4,4,4.0000000000000000,2.99,2.99,2.9900000000000000,2006,1,"G"
115,"Campus Remember","Action",5,5,5.0000000000000000,2.99,2.99,2.9900000000000000,2006,1,"R"
116,"Candidate Perdition","Classics",4,4,4.0000000000000000,2.99,2.99,2.9900000000000000,2006,1,"R"
121,"Carol Texas","Animation",4,4,4.0000000000000000,2.99,2.99,2.9900000000000000,2006,1,"PG"
125,"Cassidy Wyoming","Travel",5,5,5.0000000000000000,2.99,2.99,2.9900000000000000,2006,1,"NC-17"
129,"Cause Date","Documentary",3,3,3.0000000000000000,2.99,2.99,2.9900000000000000,2006,1,"R"
135,"Chance Resurrection","Sports",3,3,3.0000000000000000,2.99,2.99,2.9900000000000000,2006,1,"R"
136,"Chaplin License","New",7,7,7.0000000000000000,2.99,2.99,2.9900000000000000,2006,1,"NC-17"
137,"Charade Duffel","Sci-Fi",3,3,3.0000000000000000,2.99,2.99,2.9900000000000000,2006,1,"PG"
138,"Chariots Conspiracy","Sci-Fi",5,5,5.0000000000000000,2.99,2.99,2.9900000000000000,2006,1,"R"
146,"Chitty Lock","Drama",6,6,6.0000000000000000,2.99,2.99,2.9900000000000000,2006,1,"G"
148,"Chocolate Duck","Foreign",3,3,3.0000000000000000,2.99,2.99,2.9900000000000000,2006,1,"R"
150,"Cider Desire","Documentary",7,7,7.0000000000000000,2.99,2.99,2.9900000000000000,2006,1,"PG"
152,"Circus Youth","Children",5,5,5.0000000000000000,2.99,2.99,2.9900000000000000,2006,1,"PG-13"
154,"Clash Freddy","Animation",6,6,6.0000000000000000,2.99,2.99,2.9900000000000000,2006,1,"G"
158,"Clones Pinocchio","Music",6,6,6.0000000000000000,2.99,2.99,2.9900000000000000,2006,1,"R"
162,"Clueless Bucket","Action",4,4,4.0000000000000000,2.99,2.99,2.9900000000000000,2006,1,"R"
166,"Color Philadelphia","Classics",6,6,6.0000000000000000,2.99,2.99,2.9900000000000000,2006,1,"G"
169,"Comforts Rush","Travel",3,3,3.0000000000000000,2.99,2.99,2.9900000000000000,2006,1,"NC-17"
175,"Confused Candles","Family",3,3,3.0000000000000000,2.99,2.99,2.9900000000000000,2006,1,"PG-13"
180,"Conspiracy Spirit","Classics",4,4,4.0000000000000000,2.99,2.99,2.9900000000000000,2006,1,"PG-13"
181,"Contact Anonymous","Travel",7,7,7.0000000000000000,2.99,2.99,2.9900000000000000,2006,1,"PG-13"
184,"Core Suit","Classics",3,3,3.0000000000000000,2.99,2.99,2.9900000000000000,2006,1,"PG-13"
185,"Cowboy Doom","Foreign",3,3,3.0000000000000000,2.99,2.99,2.9900000000000000,2006,1,"PG"
187,"Cranes Reservoir","Sports",5,5,5.0000000000000000,2.99,2.99,2.9900000000000000,2006,1,"NC-17"
188,"Crazy Home","Comedy",7,7,7.0000000000000000,2.99,2.99,2.9900000000000000,2006,1,"PG"
193,"Crossroads Casualties","Animation",5,5,5.0000000000000000,2.99,2.99,2.9900000000000000,2006,1,"G"
197,"Crusade Honey","Sports",4,4,4.0000000000000000,2.99,2.99,2.9900000000000000,2006,1,"R"
198,"Crystal Breaking","Foreign",6,6,6.0000000000000000,2.99,2.99,2.9900000000000000,2006,1,"NC-17"
199,"Cupboard Sinners","Documentary",4,4,4.0000000000000000,2.99,2.99,2.9900000000000000,2006,1,"R"
201,"Cyclone Family","Foreign",7,7,7.0000000000000000,2.99,2.99,2.9900000000000000,2006,1,"PG"
208,"Dares Pluto","Animation",7,7,7.0000000000000000,2.99,2.99,2.9900000000000000,2006,1,"PG-13"
209,"Darkness War","Drama",6,6,6.0000000000000000,2.99,2.99,2.9900000000000000,2006,1,"NC-17"
220,"Deer Virginian","Music",7,7,7.0000000000000000,2.99,2.99,2.9900000000000000,2006,1,"NC-17"
223,"Desire Alien","Animation",7,7,7.0000000000000000,2.99,2.99,2.9900000000000000,2006,1,"NC-17"
230,"Diary Panic","Drama",7,7,7.0000000000000000,2.99,2.99,2.9900000000000000,2006,1,"G"
231,"Dinosaur Secretary","Family",7,7,7.0000000000000000,2.99,2.99,2.9900000000000000,2006,1,"R"
232,"Dirty Ace","Games",7,7,7.0000000000000000,2.99,2.99,2.9900000000000000,2006,1,"NC-17"
234,"Disturbing Scarface","Sci-Fi",6,6,6.0000000000000000,2.99,2.99,2.9900000000000000,2006,1,"R"
235,"Divide Monster","Sci-Fi",6,6,6.0000000000000000,2.99,2.99,2.9900000000000000,2006,1,"PG-13"
236,"Divine Resurrection","Games",4,4,4.0000000000000000,2.99,2.99,2.9900000000000000,2006,1,"R"
237,"Divorce Shining","Sports",3,3,3.0000000000000000,2.99,2.99,2.9900000000000000,2006,1,"G"
238,"Doctor Grail","Children",4,4,4.0000000000000000,2.99,2.99,2.9900000000000000,2006,1,"G"
240,"Dolls Rage","Sci-Fi",7,7,7.0000000000000000,2.99,2.99,2.9900000000000000,2006,1,"PG-13"
252,"Dream Pickup","Action",6,6,6.0000000000000000,2.99,2.99,2.9900000000000000,2006,1,"PG"
254,"Driver Annie","Sports",4,4,4.0000000000000000,2.99,2.99,2.9900000000000000,2006,1,"PG-13"
259,"Duck Racer","Animation",4,4,4.0000000000000000,2.99,2.99,2.9900000000000000,2006,1,"NC-17"
264,"Dwarfs Alter","Games",6,6,6.0000000000000000,2.99,2.99,2.9900000000000000,2006,1,"G"
274,"Egg Igby","Documentary",4,4,4.0000000000000000,2.99,2.99,2.9900000000000000,2006,1,"PG"
286,"Enough Raging","Travel",7,7,7.0000000000000000,2.99,2.99,2.9900000000000000,2006,1,"NC-17"
288,"Escape Metropolis","Travel",7,7,7.0000000000000000,2.99,2.99,2.9900000000000000,2006,1,"R"
293,"Exorcist Sting","Sports",6,6,6.0000000000000000,2.99,2.99,2.9900000000000000,2006,1,"G"
296,"Express Lonely","Sci-Fi",5,5,5.0000000000000000,2.99,2.99,2.9900000000000000,2006,1,"R"
297,"Extraordinary Conquerer","Classics",6,6,6.0000000000000000,2.99,2.99,2.9900000000000000,2006,1,"G"
298,"Eyes Driving","Sci-Fi",4,4,4.0000000000000000,2.99,2.99,2.9900000000000000,2006,1,"PG-13"
302,"Fantasia Park","Games",5,5,5.0000000000000000,2.99,2.99,2.9900000000000000,2006,1,"G"
304,"Fargo Gandhi","Children",3,3,3.0000000000000000,2.99,2.99,2.9900000000000000,2006,1,"G"
305,"Fatal Haunted","New",6,6,6.0000000000000000,2.99,2.99,2.9900000000000000,2006,1,"PG"
308,"Ferris Mother","Comedy",3,3,3.0000000000000000,2.99,2.99,2.9900000000000000,2006,1,"PG"
319,"Fish Opus","Sci-Fi",4,4,4.0000000000000000,2.99,2.99,2.9900000000000000,2006,1,"R"
322,"Flatliners Killer","Sports",5,5,5.0000000000000000,2.99,2.99,2.9900000000000000,2006,1,"G"
325,"Floats Garden","Animation",6,6,6.0000000000000000,2.99,2.99,2.9900000000000000,2006,1,"PG-13"
326,"Flying Hook","Animation",6,6,6.0000000000000000,2.99,2.99,2.9900000000000000,2006,1,"NC-17"
328,"Forever Candidate","Children",7,7,7.0000000000000000,2.99,2.99,2.9900000000000000,2006,1,"NC-17"
329,"Forrest Sons","Action",4,4,4.0000000000000000,2.99,2.99,2.9900000000000000,2006,1,"R"
331,"Forward Temple","Games",6,6,6.0000000000000000,2.99,2.99,2.9900000000000000,2006,1,"NC-17"
333,"Freaky Pocus","Music",7,7,7.0000000000000000,2.99,2.99,2.9900000000000000,2006,1,"R"
337,"Frida Slipper","Foreign",6,6,6.0000000000000000,2.99,2.99,2.9900000000000000,2006,1,"R"
343,"Full Flatliners","Children",6,6,6.0000000000000000,2.99,2.99,2.9900000000000000,2006,1,"PG"
349,"Gangs Pride","Animation",4,4,4.0000000000000000,2.99,2.99,2.9900000000000000,2006,1,"PG-13"
351,"Gaslight Crusade","Horror",4,4,4.0000000000000000,2.99,2.99,2.9900000000000000,2006,1,"PG"
353,"Gentlemen Stage","Foreign",6,6,6.0000000000000000,2.99,2.99,2.9900000000000000,2006,1,"NC-17"
356,"Giant Troopers","Children",5,5,5.0000000000000000,2.99,2.99,2.9900000000000000,2006,1,"R"
361,"Gleaming Jawbreaker","Sports",5,5,5.0000000000000000,2.99,2.99,2.9900000000000000,2006,1,"NC-17"
362,"Glory Tracy","Games",7,7,7.0000000000000000,2.99,2.99,2.9900000000000000,2006,1,"PG-13"
364,"Godfather Diary","New",3,3,3.0000000000000000,2.99,2.99,2.9900000000000000,2006,1,"NC-17"
368,"Gone Trouble","Drama",7,7,7.0000000000000000,2.99,2.99,2.9900000000000000,2006,1,"R"
370,"Gorgeous Bingo","Children",4,4,4.0000000000000000,2.99,2.99,2.9900000000000000,2006,1,"R"
373,"Graduate Lord","Children",7,7,7.0000000000000000,2.99,2.99,2.9900000000000000,2006,1,"G"
375,"Grail Frankenstein","Action",4,4,4.0000000000000000,2.99,2.99,2.9900000000000000,2006,1,"NC-17"
378,"Greatest North","Music",5,5,5.0000000000000000,2.99,2.99,2.9900000000000000,2006,1,"NC-17"
380,"Greek Everyone","Foreign",7,7,7.0000000000000000,2.99,2.99,2.9900000000000000,2006,1,"PG"
389,"Gunfighter Mussolini","Sports",3,3,3.0000000000000000,2.99,2.99,2.9900000000000000,2006,1,"PG-13"
391,"Half Outfield","Family",6,6,6.0000000000000000,2.99,2.99,2.9900000000000000,2006,1,"PG-13"
393,"Halloween Nuts","Documentary",6,6,6.0000000000000000,2.99,2.99,2.9900000000000000,2006,1,"PG-13"
394,"Hamlet Wisdom","Sci-Fi",7,7,7.0000000000000000,2.99,2.99,2.9900000000000000,2006,1,"R"
397,"Hanky October","Sci-Fi",5,5,5.0000000000000000,2.99,2.99,2.9900000000000000,2006,1,"NC-17"
399,"Happiness United","Foreign",6,6,6.0000000000000000,2.99,2.99,2.9900000000000000,2006,1,"G"
400,"Hardly Robbers","Documentary",7,7,7.0000000000000000,2.99,2.99,2.9900000000000000,2006,1,"R"
410,"Heaven Freedom","Comedy",7,7,7.0000000000000000,2.99,2.99,2.9900000000000000,2006,1,"PG"
413,"Hedwig Alter","Comedy",7,7,7.0000000000000000,2.99,2.99,2.9900000000000000,2006,1,"NC-17"
414,"Hellfighters Sierra","Foreign",3,3,3.0000000000000000,2.99,2.99,2.9900000000000000,2006,1,"PG"
415,"High Encino","Horror",3,3,3.0000000000000000,2.99,2.99,2.9900000000000000,2006,1,"R"
419,"Hocus Frida","Family",4,4,4.0000000000000000,2.99,2.99,2.9900000000000000,2006,1,"G"
428,"Homicide Peach","Family",6,6,6.0000000000000000,2.99,2.99,2.9900000000000000,2006,1,"PG-13"
431,"Hoosiers Birdcage","Foreign",3,3,3.0000000000000000,2.99,2.99,2.9900000000000000,2006,1,"G"
432,"Hope Tootsie","Classics",4,4,4.0000000000000000,2.99,2.99,2.9900000000000000,2006,1,"NC-17"
433,"Horn Working","Animation",4,4,4.0000000000000000,2.99,2.99,2.9900000000000000,2006,1,"PG"
437,"House Dynamite","Family",7,7,7.0000000000000000,2.99,2.99,2.9900000000000000,2006,1,"R"
438,"Human Graffiti","Games",3,3,3.0000000000000000,2.99,2.99,2.9900000000000000,2006,1,"NC-17"
441,"Hunter Alter","Documentary",5,5,5.0000000000000000,2.99,2.99,2.9900000000000000,2006,1,"PG-13"
442,"Hunting Musketeers","Family",6,6,6.0000000000000000,2.99,2.99,2.9900000000000000,2006,1,"NC-17"
443,"Hurricane Affair","Comedy",6,6,6.0000000000000000,2.99,2.99,2.9900000000000000,2006,1,"PG"
445,"Hyde Doctor","Classics",5,5,5.0000000000000000,2.99,2.99,2.9900000000000000,2006,1,"G"
447,"Ice Crossing","Games",5,5,5.0000000000000000,2.99,2.99,2.9900000000000000,2006,1,"R"
448,"Idaho Love","New",3,3,3.0000000000000000,2.99,2.99,2.9900000000000000,2006,1,"PG-13"
449,"Identity Lover","Sci-Fi",4,4,4.0000000000000000,2.99,2.99,2.9900000000000000,2006,1,"PG-13"
450,"Idols Snatchers","Children",5,5,5.0000000000000000,2.99,2.99,2.9900000000000000,2006,1,"NC-17"
453,"Image Princess","Sports",3,3,3.0000000000000000,2.99,2.99,2.9900000000000000,2006,1,"PG-13"
462,"Insider Arizona","Music",5,5,5.0000000000000000,2.99,2.99,2.9900000000000000,2006,1,"NC-17"
463,"Instinct Airport","Sports",4,4,4.0000000000000000,2.99,2.99,2.9900000000000000,2006,1,"PG"
464,"Intentions Empire","Animation",3,3,3.0000000000000000,2.99,2.99,2.9900000000000000,2006,1,"PG-13"
468,"Invasion Cyclone","Children",5,5,5.0000000000000000,2.99,2.99,2.9900000000000000,2006,1,"PG"
471,"Island Exorcist","Classics",7,7,7.0000000000000000,2.99,2.99,2.9900000000000000,2006,1,"NC-17"
473,"Jacket Frisco","Drama",5,5,5.0000000000000000,2.99,2.99,2.9900000000000000,2006,1,"PG-13"
474,"Jade Bunch","Sports",6,6,6.0000000000000000,2.99,2.99,2.9900000000000000,2006,1,"NC-17"
476,"Jason Trap","Family",5,5,5.0000000000000000,2.99,2.99,2.9900000000000000,2006,1,"NC-17"
478,"Jaws Harry","Comedy",4,4,4.0000000000000000,2.99,2.99,2.9900000000000000,2006,1,"G"
480,"Jeepers Wedding","Classics",3,3,3.0000000000000000,2.99,2.99,2.9900000000000000,2006,1,"R"
481,"Jekyll Frogmen","New",4,4,4.0000000000000000,2.99,2.99,2.9900000000000000,2006,1,"PG"
483,"Jericho Mulan","Games",3,3,3.0000000000000000,2.99,2.99,2.9900000000000000,2006,1,"NC-17"
484,"Jerk Paycheck","Classics",3,3,3.0000000000000000,2.99,2.99,2.9900000000000000,2006,1,"NC-17"
490,"Jumanji Blade","New",4,4,4.0000000000000000,2.99,2.99,2.9900000000000000,2006,1,"G"
495,"Kentuckian Giant","Horror",5,5,5.0000000000000000,2.99,2.99,2.9900000000000000,2006,1,"PG"
498,"Killer Innocent","Family",7,7,7.0000000000000000,2.99,2.99,2.9900000000000000,2006,1,"R"
502,"Knock Warlock","Comedy",4,4,4.0000000000000000,2.99,2.99,2.9900000000000000,2006,1,"PG-13"
503,"Kramer Chocolate","Sports",3,3,3.0000000000000000,2.99,2.99,2.9900000000000000,2006,1,"R"
505,"Labyrinth League","Children",6,6,6.0000000000000000,2.99,2.99,2.9900000000000000,2006,1,"PG-13"
513,"Leathernecks Dwarfs","Travel",6,6,6.0000000000000000,2.99,2.99,2.9900000000000000,2006,1,"PG-13"
514,"Lebowski Soldiers","Drama",6,6,6.0000000000000000,2.99,2.99,2.9900000000000000,2006,1,"PG-13"
519,"Liberty Magnificent","Sports",3,3,3.0000000000000000,2.99,2.99,2.9900000000000000,2006,1,"G"
520,"License Weekend","Sci-Fi",7,7,7.0000000000000000,2.99,2.99,2.9900000000000000,2006,1,"NC-17"
522,"Life Twisted","Comedy",4,4,4.0000000000000000,2.99,2.99,2.9900000000000000,2006,1,"NC-17"
526,"Lock Rear","Travel",7,7,7.0000000000000000,2.99,2.99,2.9900000000000000,2006,1,"R"
528,"Lolita World","Family",4,4,4.0000000000000000,2.99,2.99,2.9900000000000000,2006,1,"NC-17"
529,"Lonely Elephant","Comedy",3,3,3.0000000000000000,2.99,2.99,2.9900000000000000,2006,1,"G"
530,"Lord Arizona","Action",5,5,5.0000000000000000,2.99,2.99,2.9900000000000000,2006,1,"PG-13"
533,"Lost Bird","Foreign",4,4,4.0000000000000000,2.99,2.99,2.9900000000000000,2006,1,"PG-13"
536,"Lovely Jingle","Classics",3,3,3.0000000000000000,2.99,2.99,2.9900000000000000,2006,1,"PG"
537,"Lover Truman","Classics",3,3,3.0000000000000000,2.99,2.99,2.9900000000000000,2006,1,"G"
539,"Luck Opus","Drama",7,7,7.0000000000000000,2.99,2.99,2.9900000000000000,2006,1,"NC-17"
540,"Lucky Flying","Music",7,7,7.0000000000000000,2.99,2.99,2.9900000000000000,2006,1,"PG-13"
541,"Luke Mummy","Animation",5,5,5.0000000000000000,2.99,2.99,2.9900000000000000,2006,1,"NC-17"
542,"Lust Lock","Action",3,3,3.0000000000000000,2.99,2.99,2.9900000000000000,2006,1,"G"
544,"Madison Trap","Documentary",4,4,4.0000000000000000,2.99,2.99,2.9900000000000000,2006,1,"R"
546,"Madre Gables","Games",7,7,7.0000000000000000,2.99,2.99,2.9900000000000000,2006,1,"PG-13"
548,"Magnificent Chitty","Classics",3,3,3.0000000000000000,2.99,2.99,2.9900000000000000,2006,1,"R"
550,"Maguire Apache","Family",6,6,6.0000000000000000,2.99,2.99,2.9900000000000000,2006,1,"NC-17"
554,"Malkovich Pet","Classics",6,6,6.0000000000000000,2.99,2.99,2.9900000000000000,2006,1,"G"
557,"Manchurian Curtain","Family",5,5,5.0000000000000000,2.99,2.99,2.9900000000000000,2006,1,"PG"
558,"Mannequin Worst","New",3,3,3.0000000000000000,2.99,2.99,2.9900000000000000,2006,1,"PG-13"
559,"Married Go","Sci-Fi",7,7,7.0000000000000000,2.99,2.99,2.9900000000000000,2006,1,"G"
561,"Mask Peach","New",6,6,6.0000000000000000,2.99,2.99,2.9900000000000000,2006,1,"NC-17"
564,"Massage Image","Animation",4,4,4.0000000000000000,2.99,2.99,2.9900000000000000,2006,1,"PG"
567,"Meet Chocolate","Foreign",3,3,3.0000000000000000,2.99,2.99,2.9900000000000000,2006,1,"G"
569,"Menagerie Rushmore","Animation",7,7,7.0000000000000000,2.99,2.99,2.9900000000000000,2006,1,"G"
571,"Metal Armageddon","Documentary",6,6,6.0000000000000000,2.99,2.99,2.9900000000000000,2006,1,"PG-13"
572,"Metropolis Coma","Sci-Fi",4,4,4.0000000000000000,2.99,2.99,2.9900000000000000,2006,1,"PG-13"
573,"Microcosmos Paradise","Children",6,6,6.0000000000000000,2.99,2.99,2.9900000000000000,2006,1,"PG-13"
576,"Mighty Luck","Documentary",7,7,7.0000000000000000,2.99,2.99,2.9900000000000000,2006,1,"PG"
582,"Miracle Virtual","Animation",3,3,3.0000000000000000,2.99,2.99,2.9900000000000000,2006,1,"PG-13"
584,"Mixed Doors","Foreign",6,6,6.0000000000000000,2.99,2.99,2.9900000000000000,2006,1,"PG-13"
590,"Money Harold","New",3,3,3.0000000000000000,2.99,2.99,2.9900000000000000,2006,1,"PG"
592,"Monster Spartacus","Music",6,6,6.0000000000000000,2.99,2.99,2.9900000000000000,2006,1,"PG"
605,"Mulholland Beast","Foreign",7,7,7.0000000000000000,2.99,2.99,2.9900000000000000,2006,1,"PG"
608,"Murder Antitrust","Children",6,6,6.0000000000000000,2.99,2.99,2.9900000000000000,2006,1,"PG"
609,"Muscle Bright","Travel",7,7,7.0000000000000000,2.99,2.99,2.9900000000000000,2006,1,"G"
612,"Mussolini Spoilers","Sports",6,6,6.0000000000000000,2.99,2.99,2.9900000000000000,2006,1,"G"
615,"Nash Chocolat","Animation",6,6,6.0000000000000000,2.99,2.99,2.9900000000000000,2006,1,"PG-13"
616,"National Story","Documentary",4,4,4.0000000000000000,2.99,2.99,2.9900000000000000,2006,1,"NC-17"
620,"Nemo Campus","Sci-Fi",5,5,5.0000000000000000,2.99,2.99,2.9900000000000000,2006,1,"NC-17"
621,"Network Peak","Family",5,5,5.0000000000000000,2.99,2.99,2.9900000000000000,2006,1,"PG-13"
628,"Northwest Polish","Sports",5,5,5.0000000000000000,2.99,2.99,2.9900000000000000,2006,1,"PG"
638,"Operation Operation","Comedy",7,7,7.0000000000000000,2.99,2.99,2.9900000000000000,2006,1,"G"
642,"Order Betrayed","Travel",7,7,7.0000000000000000,2.99,2.99,2.9900000000000000,2006,1,"PG-13"
643,"Orient Closer","Drama",3,3,3.0000000000000000,2.99,2.99,2.9900000000000000,2006,1,"R"
644,"Oscar Gold","Animation",7,7,7.0000000000000000,2.99,2.99,2.9900000000000000,2006,1,"PG"
645,"Others Soup","Travel",7,7,7.0000000000000000,2.99,2.99,2.9900000000000000,2006,1,"PG"
649,"Oz Liaisons","Animation",4,4,4.0000000000000000,2.99,2.99,2.9900000000000000,2006,1,"R"
657,"Paradise Sabrina","Comedy",5,5,5.0000000000000000,2.99,2.99,2.9900000000000000,2006,1,"PG-13"
658,"Paris Weekend","Horror",7,7,7.0000000000000000,2.99,2.99,2.9900000000000000,2006,1,"PG-13"
660,"Party Knock","Comedy",7,7,7.0000000000000000,2.99,2.99,2.9900000000000000,2006,1,"PG"
664,"Patriot Roman","Action",6,6,6.0000000000000000,2.99,2.99,2.9900000000000000,2006,1,"PG"
665,"Patton Interview","Horror",4,4,4.0000000000000000,2.99,2.99,2.9900000000000000,2006,1,"PG"
667,"Peach Innocent","Sports",3,3,3.0000000000000000,2.99,2.99,2.9900000000000000,2006,1,"PG-13"
669,"Pearl Destiny","Foreign",3,3,3.0000000000000000,2.99,2.99,2.9900000000000000,2006,1,"NC-17"
672,"Perfect Groove","Comedy",7,7,7.0000000000000000,2.99,2.99,2.9900000000000000,2006,1,"PG-13"
675,"Phantom Glory","New",6,6,6.0000000000000000,2.99,2.99,2.9900000000000000,2006,1,"NC-17"
678,"Pickup Driving","Sports",3,3,3.0000000000000000,2.99,2.99,2.9900000000000000,2006,1,"G"
679,"Pilot Hoosiers","Family",6,6,6.0000000000000000,2.99,2.99,2.9900000000000000,2006,1,"PG"
684,"Pizza Jumanji","Games",4,4,4.0000000000000000,2.99,2.99,2.9900000000000000,2006,1,"NC-17"
689,"Pollock Deliverance","Foreign",5,5,5.0000000000000000,2.99,2.99,2.9900000000000000,2006,1,"PG"
690,"Pond Seattle","Animation",7,7,7.0000000000000000,2.99,2.99,2.9900000000000000,2006,1,"PG-13"
692,"Potluck Mixed","Animation",3,3,3.0000000000000000,2.99,2.99,2.9900000000000000,2006,1,"G"
693,"Potter Connecticut","Animation",5,5,5.0000000000000000,2.99,2.99,2.9900000000000000,2006,1,"PG"
698,"Princess Giant","Documentary",3,3,3.0000000000000000,2.99,2.99,2.9900000000000000,2006,1,"NC-17"
700,"Prix Undefeated","Family",4,4,4.0000000000000000,2.99,2.99,2.9900000000000000,2006,1,"R"
701,"Psycho Shrunk","Games",5,5,5.0000000000000000,2.99,2.99,2.9900000000000000,2006,1,"PG-13"
702,"Pulp Beverly","Horror",4,4,4.0000000000000000,2.99,2.99,2.9900000000000000,2006,1,"G"
704,"Pure Runner","Comedy",3,3,3.0000000000000000,2.99,2.99,2.9900000000000000,2006,1,"NC-17"
705,"Purple Movie","Foreign",4,4,4.0000000000000000,2.99,2.99,2.9900000000000000,2006,1,"R"
707,"Quest Mussolini","Action",5,5,5.0000000000000000,2.99,2.99,2.9900000000000000,2006,1,"R"
709,"Racer Egg","Drama",7,7,7.0000000000000000,2.99,2.99,2.9900000000000000,2006,1,"NC-17"
714,"Random Go","Sci-Fi",6,6,6.0000000000000000,2.99,2.99,2.9900000000000000,2006,1,"NC-17"
716,"Reap Unfaithful","Horror",6,6,6.0000000000000000,2.99,2.99,2.9900000000000000,2006,1,"PG-13"
720,"Redemption Comforts","New",3,3,3.0000000000000000,2.99,2.99,2.9900000000000000,2006,1,"NC-17"
723,"Reign Gentlemen","Sci-Fi",3,3,3.0000000000000000,2.99,2.99,2.9900000000000000,2006,1,"PG-13"
724,"Remember Diary","Family",5,5,5.0000000000000000,2.99,2.99,2.9900000000000000,2006,1,"R"
726,"Reservoir Adaptation","Foreign",7,7,7.0000000000000000,2.99,2.99,2.9900000000000000,2006,1,"PG-13"
729,"Rider Caddyshack","Sports",5,5,5.0000000000000000,2.99,2.99,2.9900000000000000,2006,1,"PG"
735,"Robbers Joon","Children",7,7,7.0000000000000000,2.99,2.99,2.9900000000000000,2006,1,"PG-13"
740,"Rollercoaster Bringing","Horror",5,5,5.0000000000000000,2.99,2.99,2.9900000000000000,2006,1,"PG-13"
754,"Rushmore Mermaid","Comedy",6,6,6.0000000000000000,2.99,2.99,2.9900000000000000,2006,1,"PG-13"
756,"Saddle Antitrust","Comedy",7,7,7.0000000000000000,2.99,2.99,2.9900000000000000,2006,1,"PG-13"
757,"Sagebrush Clueless","Documentary",4,4,4.0000000000000000,2.99,2.99,2.9900000000000000,2006,1,"G"
758,"Saints Bride","Drama",5,5,5.0000000000000000,2.99,2.99,2.9900000000000000,2006,1,"G"
759,"Salute Apollo","New",4,4,4.0000000000000000,2.99,2.99,2.9900000000000000,2006,1,"R"
760,"Samurai Lion","New",5,5,5.0000000000000000,2.99,2.99,2.9900000000000000,2006,1,"G"
761,"Santa Paris","Children",7,7,7.0000000000000000,2.99,2.99,2.9900000000000000,2006,1,"PG"
770,"Scissorhands Slums","Foreign",5,5,5.0000000000000000,2.99,2.99,2.9900000000000000,2006,1,"G"
772,"Sea Virgin","Drama",4,4,4.0000000000000000,2.99,2.99,2.9900000000000000,2006,1,"PG"
773,"Seabiscuit Punk","Sports",6,6,6.0000000000000000,2.99,2.99,2.9900000000000000,2006,1,"NC-17"
774,"Searchers Wait","Comedy",3,3,3.0000000000000000,2.99,2.99,2.9900000000000000,2006,1,"NC-17"
782,"Shakespeare Saddle","Sports",6,6,6.0000000000000000,2.99,2.99,2.9900000000000000,2006,1,"PG-13"
783,"Shane Darkness","Travel",5,5,5.0000000000000000,2.99,2.99,2.9900000000000000,2006,1,"PG"
784,"Shanghai Tycoon","Travel",7,7,7.0000000000000000,2.99,2.99,2.9900000000000000,2006,1,"PG"
788,"Ship Wonderland","Documentary",5,5,5.0000000000000000,2.99,2.99,2.9900000000000000,2006,1,"R"
789,"Shock Cabin","Foreign",7,7,7.0000000000000000,2.99,2.99,2.9900000000000000,2006,1,"PG-13"
792,"Shrek License","Foreign",7,7,7.0000000000000000,2.99,2.99,2.9900000000000000,2006,1,"PG-13"
793,"Shrunk Divine","Action",6,6,6.0000000000000000,2.99,2.99,2.9900000000000000,2006,1,"R"
800,"Sinners Atlantis","Horror",7,7,7.0000000000000000,2.99,2.99,2.9900000000000000,2006,1,"PG-13"
802,"Sky Miracle","Action",7,7,7.0000000000000000,2.99,2.99,2.9900000000000000,2006,1,"PG"
806,"Sleepy Japanese","New",4,4,4.0000000000000000,2.99,2.99,2.9900000000000000,2006,1,"PG"
811,"Smile Earring","Travel",4,4,4.0000000000000000,2.99,2.99,2.9900000000000000,2006,1,"G"
815,"Snatchers Montezuma","Classics",4,4,4.0000000000000000,2.99,2.99,2.9900000000000000,2006,1,"PG-13"
820,"Sons Interview","Animation",3,3,3.0000000000000000,2.99,2.99,2.9900000000000000,2006,1,"NC-17"
823,"South Wait","Action",4,4,4.0000000000000000,2.99,2.99,2.9900000000000000,2006,1,"R"
825,"Speakeasy Date","Action",6,6,6.0000000000000000,2.99,2.99,2.9900000000000000,2006,1,"PG-13"
828,"Spiking Element","Classics",7,7,7.0000000000000000,2.99,2.99,2.9900000000000000,2006,1,"G"
829,"Spinal Rocky","Family",7,7,7.0000000000000000,2.99,2.99,2.9900000000000000,2006,1,"PG-13"
835,"Spy Mile","Games",6,6,6.0000000000000000,2.99,2.99,2.9900000000000000,2006,1,"PG-13"
836,"Squad Fish","Sports",3,3,3.0000000000000000,2.99,2.99,2.9900000000000000,2006,1,"PG"
837,"Stage World","Comedy",4,4,4.0000000000000000,2.99,2.99,2.9900000000000000,2006,1,"PG"
841,"Star Operation","Sports",5,5,5.0000000000000000,2.99,2.99,2.9900000000000000,2006,1,"PG"
842,"State Wasteland","Games",4,4,4.0000000000000000,2.99,2.99,2.9900000000000000,2006,1,"NC-17"
847,"Stock Glass","New",7,7,7.0000000000000000,2.99,2.99,2.9900000000000000,2006,1,"PG"
857,"Strictly Scarface","Comedy",3,3,3.0000000000000000,2.99,2.99,2.9900000000000000,2006,1,"PG-13"
869,"Suspects Quills","Action",4,4,4.0000000000000000,2.99,2.99,2.9900000000000000,2006,1,"PG"
872,"Sweet Brotherhood","Travel",3,3,3.0000000000000000,2.99,2.99,2.9900000000000000,2006,1,"R"
874,"Tadpole Park","Classics",6,6,6.0000000000000000,2.99,2.99,2.9900000000000000,2006,1,"PG"
876,"Tarzan Videotape","Horror",3,3,3.0000000000000000,2.99,2.99,2.9900000000000000,2006,1,"PG-13"
880,"Telemark Heartbreakers","Animation",6,6,6.0000000000000000,2.99,2.99,2.9900000000000000,2006,1,"PG-13"
895,"Tomorrow Hustler","Classics",3,3,3.0000000000000000,2.99,2.99,2.9900000000000000,2006,1,"R"
900,"Town Ark","Foreign",6,6,6.0000000000000000,2.99,2.99,2.9900000000000000,2006,1,"R"
912,"Trojan Tomorrow","Sci-Fi",3,3,3.0000000000000000,2.99,2.99,2.9900000000000000,2006,1,"PG"
914,"Trouble Date","Travel",6,6,6.0000000000000000,2.99,2.99,2.9900000000000000,2006,1,"PG"
916,"Turn Star","Animation",3,3,3.0000000000000000,2.99,2.99,2.9900000000000000,2006,1,"G"
917,"Tuxedo Mile","Sports",3,3,3.0000000000000000,2.99,2.99,2.9900000000000000,2006,1,"R"
921,"Uncut Suicides","Music",7,7,7.0000000000000000,2.99,2.99,2.9900000000000000,2006,1,"PG-13"
923,"Unfaithful Kill","Drama",7,7,7.0000000000000000,2.99,2.99,2.9900000000000000,2006,1,"R"
926,"Untouchables Sunrise","Documentary",5,5,5.0000000000000000,2.99,2.99,2.9900000000000000,2006,1,"NC-17"
927,"Uprising Uptown","Action",6,6,6.0000000000000000,2.99,2.99,2.9900000000000000,2006,1,"NC-17"
928,"Uptown Young","Children",5,5,5.0000000000000000,2.99,2.99,2.9900000000000000,2006,1,"PG"
930,"Vacation Boondock","Sci-Fi",4,4,4.0000000000000000,2.99,2.99,2.9900000000000000,2006,1,"R"
936,"Vanishing Rocky","Music",3,3,3.0000000000000000,2.99,2.99,2.9900000000000000,2006,1,"NC-17"
937,"Varsity Trip","New",7,7,7.0000000000000000,2.99,2.99,2.9900000000000000,2006,1,"NC-17"
939,"Vertigo Northwest","Comedy",4,4,4.0000000000000000,2.99,2.99,2.9900000000000000,2006,1,"R"
952,"Wagon Jaws","Documentary",7,7,7.0000000000000000,2.99,2.99,2.9900000000000000,2006,1,"PG"
958,"Wardrobe Phantom","Drama",6,6,6.0000000000000000,2.99,2.99,2.9900000000000000,2006,1,"G"
959,"Warlock Werewolf","Children",6,6,6.0000000000000000,2.99,2.99,2.9900000000000000,2006,1,"G"
960,"Wars Pluto","Documentary",5,5,5.0000000000000000,2.99,2.99,2.9900000000000000,2006,1,"G"
962,"Wasteland Divine","Classics",7,7,7.0000000000000000,2.99,2.99,2.9900000000000000,2006,1,"PG"
967,"Weekend Personal","Sci-Fi",5,5,5.0000000000000000,2.99,2.99,2.9900000000000000,2006,1,"R"
975,"Willow Tracy","Family",6,6,6.0000000000000000,2.99,2.99,2.9900000000000000,2006,1,"R"
977,"Window Side","Travel",3,3,3.0000000000000000,2.99,2.99,2.9900000000000000,2006,1,"R"
983,"Won Dares","Music",7,7,7.0000000000000000,2.99,2.99,2.9900000000000000,2006,1,"PG"
984,"Wonderful Drop","Foreign",3,3,3.0000000000000000,2.99,2.99,2.9900000000000000,2006,1,"NC-17"
986,"Wonka Sea","Animation",6,6,6.0000000000000000,2.99,2.99,2.9900000000000000,2006,1,"NC-17"
987,"Words Hunter","Music",3,3,3.0000000000000000,2.99,2.99,2.9900000000000000,2006,1,"PG"
988,"Worker Tarzan","Travel",7,7,7.0000000000000000,2.99,2.99,2.9900000000000000,2006,1,"R"
991,"Worst Banger","Action",4,4,4.0000000000000000,2.99,2.99,2.9900000000000000,2006,1,"PG"
993,"Wrong Behavior","Children",6,6,6.0000000000000000,2.99,2.99,2.9900000000000000,2006,1,"PG-13"
999,"Zoolander Fiction","Children",5,5,5.0000000000000000,2.99,2.99,2.9900000000000000,2006,1,"R"
899,"Towers Hurricane","Classics",7,7,7.0000000000000000,0.99,0.99,0.99000000000000000000,2006,1,"NC-17"
376,"Grapes Fury","Foreign",4,4,4.0000000000000000,0.99,0.99,0.99000000000000000000,2006,1,"G"
374,"Graffiti Love","Sci-Fi",3,3,3.0000000000000000,0.99,0.99,0.99000000000000000000,2006,1,"PG"
663,"Patient Sister","Classics",7,7,7.0000000000000000,0.99,0.99,0.99000000000000000000,2006,1,"NC-17"
34,"Arabia Dogma","Horror",6,6,6.0000000000000000,0.99,0.99,0.99000000000000000000,2006,1,"NC-17"
901,"Tracy Cider","Animation",3,3,3.0000000000000000,0.99,0.99,0.99000000000000000000,2006,1,"G"
367,"Goldmine Tycoon","Sci-Fi",6,6,6.0000000000000000,0.99,0.99,0.99000000000000000000,2006,1,"R"
118,"Canyon Stock","Animation",7,7,7.0000000000000000,0.99,0.99,0.99000000000000000000,2006,1,"R"
366,"Goldfinger Sensibility","Drama",3,3,3.0000000000000000,0.99,0.99,0.99000000000000000000,2006,1,"G"
114,"Camelot Vacation","Sci-Fi",3,3,3.0000000000000000,0.99,0.99,0.99000000000000000000,2006,1,"NC-17"
363,"Go Purple","Music",3,3,3.0000000000000000,0.99,0.99,0.99000000000000000000,2006,1,"R"
360,"Glass Dying","Action",4,4,4.0000000000000000,0.99,0.99,0.99000000000000000000,2006,1,"G"
111,"Caddyshack Jedi","Action",3,3,3.0000000000000000,0.99,0.99,0.99000000000000000000,2006,1,"NC-17"
673,"Personal Ladybugs","Music",3,3,3.0000000000000000,0.99,0.99,0.99000000000000000000,2006,1,"PG-13"
674,"Pet Haunting","Foreign",3,3,3.0000000000000000,0.99,0.99,0.99000000000000000000,2006,1,"PG"
110,"Cabin Flash","Children",4,4,4.0000000000000000,0.99,0.99,0.99000000000000000000,2006,1,"NC-17"
358,"Gilmore Boiled","Classics",5,5,5.0000000000000000,0.99,0.99,0.99000000000000000000,2006,1,"R"
677,"Pianist Outfield","New",6,6,6.0000000000000000,0.99,0.99,0.99000000000000000000,2006,1,"NC-17"
906,"Tramp Others","Comedy",4,4,4.0000000000000000,0.99,0.99,0.99000000000000000000,2006,1,"PG"
907,"Translation Summer","Drama",4,4,4.0000000000000000,0.99,0.99,0.99000000000000000000,2006,1,"PG-13"
357,"Gilbert Pelican","Classics",7,7,7.0000000000000000,0.99,0.99,0.99000000000000000000,2006,1,"G"
681,"Pirates Roxanne","Sports",4,4,4.0000000000000000,0.99,0.99,0.99000000000000000000,2006,1,"PG"
355,"Ghostbusters Elf","Animation",7,7,7.0000000000000000,0.99,0.99,0.99000000000000000000,2006,1,"R"
352,"Gathering Calendar","Games",4,4,4.0000000000000000,0.99,0.99,0.99000000000000000000,2006,1,"PG-13"
109,"Butterfly Chocolat","New",3,3,3.0000000000000000,0.99,0.99,0.99000000000000000000,2006,1,"G"
348,"Gandhi Kwai","Family",7,7,7.0000000000000000,0.99,0.99,0.99000000000000000000,2006,1,"PG-13"
345,"Gables Metropolis","Family",3,3,3.0000000000000000,0.99,0.99,0.99000000000000000000,2006,1,"PG"
687,"Pocus Pulp","Documentary",6,6,6.0000000000000000,0.99,0.99,0.99000000000000000000,2006,1,"NC-17"
688,"Polish Brooklyn","Children",6,6,6.0000000000000000,0.99,0.99,0.99000000000000000000,2006,1,"PG"
909,"Treasure Command","Horror",3,3,3.0000000000000000,0.99,0.99,0.99000000000000000000,2006,1,"PG-13"
910,"Treatment Jekyll","Drama",3,3,3.0000000000000000,0.99,0.99,0.99000000000000000000,2006,1,"PG"
344,"Fury Murder","Children",3,3,3.0000000000000000,0.99,0.99,0.99000000000000000000,2006,1,"PG-13"
108,"Butch Panther","New",6,6,6.0000000000000000,0.99,0.99,0.99000000000000000000,2006,1,"PG-13"
27,"Anonymous Human","Sports",7,7,7.0000000000000000,0.99,0.99,0.99000000000000000000,2006,1,"NC-17"
341,"Frost Head","Classics",5,5,5.0000000000000000,0.99,0.99,0.99000000000000000000,2006,1,"PG"
339,"Frogmen Breaking","Travel",5,5,5.0000000000000000,0.99,0.99,0.99000000000000000000,2006,1,"R"
696,"Pride Alamo","Animation",6,6,6.0000000000000000,0.99,0.99,0.99000000000000000000,2006,1,"NC-17"
697,"Primary Glass","Action",7,7,7.0000000000000000,0.99,0.99,0.99000000000000000000,2006,1,"G"
913,"Troopers Metal","New",3,3,3.0000000000000000,0.99,0.99,0.99000000000000000000,2006,1,"R"
335,"Freedom Cleopatra","Comedy",5,5,5.0000000000000000,0.99,0.99,0.99000000000000000000,2006,1,"PG-13"
26,"Annie Identity","Sci-Fi",3,3,3.0000000000000000,0.99,0.99,0.99000000000000000000,2006,1,"G"
105,"Bull Shawshank","Action",6,6,6.0000000000000000,0.99,0.99,0.99000000000000000000,2006,1,"NC-17"
974,"Wild Apollo","New",4,4,4.0000000000000000,0.99,0.99,0.99000000000000000000,2006,1,"R"
332,"Frankenstein Stranger","Comedy",7,7,7.0000000000000000,0.99,0.99,0.99000000000000000000,2006,1,"NC-17"
998,"Zhivago Core","Horror",6,6,6.0000000000000000,0.99,0.99,0.99000000000000000000,2006,1,"NC-17"
101,"Brotherhood Blanket","Documentary",3,3,3.0000000000000000,0.99,0.99,0.99000000000000000000,2006,1,"R"
318,"Firehouse Vietnam","Action",7,7,7.0000000000000000,0.99,0.99,0.99000000000000000000,2006,1,"G"
97,"Bride Intrigue","Action",7,7,7.0000000000000000,0.99,0.99,0.99000000000000000000,2006,1,"G"
317,"Fireball Philadelphia","Comedy",4,4,4.0000000000000000,0.99,0.99,0.99000000000000000000,2006,1,"PG"
920,"Unbreakable Karate","New",3,3,3.0000000000000000,0.99,0.99,0.99000000000000000000,2006,1,"G"
315,"Finding Anaconda","Family",4,4,4.0000000000000000,0.99,0.99,0.99000000000000000000,2006,1,"R"
314,"Fight Jawbreaker","Animation",3,3,3.0000000000000000,0.99,0.99,0.99000000000000000000,2006,1,"R"
712,"Raiders Antitrust","Documentary",4,4,4.0000000000000000,0.99,0.99,0.99000000000000000000,2006,1,"PG-13"
311,"Fiction Christmas","Foreign",4,4,4.0000000000000000,0.99,0.99,0.99000000000000000000,2006,1,"PG"
976,"Wind Phantom","Games",6,6,6.0000000000000000,0.99,0.99,0.99000000000000000000,2006,1,"R"
309,"Feud Frogmen","Family",6,6,6.0000000000000000,0.99,0.99,0.99000000000000000000,2006,1,"R"
91,"Bound Cheaper","Classics",5,5,5.0000000000000000,0.99,0.99,0.99000000000000000000,2006,1,"PG"
717,"Rear Trading","Action",6,6,6.0000000000000000,0.99,0.99,0.99000000000000000000,2006,1,"NC-17"
718,"Rebel Airport","Music",7,7,7.0000000000000000,0.99,0.99,0.99000000000000000000,2006,1,"G"
306,"Feathers Metal","Games",3,3,3.0000000000000000,0.99,0.99,0.99000000000000000000,2006,1,"PG-13"
992,"Wrath Mile","Documentary",5,5,5.0000000000000000,0.99,0.99,0.99000000000000000000,2006,1,"NC-17"
303,"Fantasy Troopers","Action",6,6,6.0000000000000000,0.99,0.99,0.99000000000000000000,2006,1,"PG-13"
722,"Reef Salute","Horror",5,5,5.0000000000000000,0.99,0.99,0.99000000000000000000,2006,1,"NC-17"
924,"Unforgiven Zoolander","Sci-Fi",7,7,7.0000000000000000,0.99,0.99,0.99000000000000000000,2006,1,"PG"
925,"United Pilot","Documentary",3,3,3.0000000000000000,0.99,0.99,0.99000000000000000000,2006,1,"R"
301,"Family Sweet","Horror",4,4,4.0000000000000000,0.99,0.99,0.99000000000000000000,2006,1,"R"
978,"Wisdom Worker","Comedy",3,3,3.0000000000000000,0.99,0.99,0.99000000000000000000,2006,1,"R"
727,"Resurrection Silverado","Family",6,6,6.0000000000000000,0.99,0.99,0.99000000000000000000,2006,1,"PG"
728,"Reunion Witches","Drama",3,3,3.0000000000000000,0.99,0.99,0.99000000000000000000,2006,1,"R"
23,"Anaconda Confessions","Animation",3,3,3.0000000000000000,0.99,0.99,0.99000000000000000000,2006,1,"R"
730,"Ridgemont Submarine","New",3,3,3.0000000000000000,0.99,0.99,0.99000000000000000000,2006,1,"PG-13"
299,"Factory Dragon","Travel",4,4,4.0000000000000000,0.99,0.99,0.99000000000000000000,2006,1,"PG-13"
732,"Rings Heartbreakers","Action",5,5,5.0000000000000000,0.99,0.99,0.99000000000000000000,2006,1,"G"
733,"River Outlaw","Sports",4,4,4.0000000000000000,0.99,0.99,0.99000000000000000000,2006,1,"PG-13"
295,"Expendable Stallion","Documentary",3,3,3.0000000000000000,0.99,0.99,0.99000000000000000000,2006,1,"PG"
19,"Amadeus Holy","Action",6,6,6.0000000000000000,0.99,0.99,0.99000000000000000000,2006,1,"PG"
736,"Robbery Bright","Family",4,4,4.0000000000000000,0.99,0.99,0.99000000000000000000,2006,1,"R"
737,"Rock Instinct","Horror",4,4,4.0000000000000000,0.99,0.99,0.99000000000000000000,2006,1,"G"
738,"Rocketeer Mother","Foreign",3,3,3.0000000000000000,0.99,0.99,0.99000000000000000000,2006,1,"PG-13"
292,"Excitement Eve","Action",3,3,3.0000000000000000,0.99,0.99,0.99000000000000000000,2006,1,"G"
90,"Boulevard Mob","New",3,3,3.0000000000000000,0.99,0.99,0.99000000000000000000,2006,1,"R"
741,"Roman Punk","Music",7,7,7.0000000000000000,0.99,0.99,0.99000000000000000000,2006,1,"NC-17"
742,"Roof Champion","Games",7,7,7.0000000000000000,0.99,0.99,0.99000000000000000000,2006,1,"R"
743,"Room Roman","Animation",7,7,7.0000000000000000,0.99,0.99,0.99000000000000000000,2006,1,"PG"
744,"Roots Remember","Classics",4,4,4.0000000000000000,0.99,0.99,0.99000000000000000000,2006,1,"PG-13"
291,"Evolution Alter","Sports",5,5,5.0000000000000000,0.99,0.99,0.99000000000000000000,2006,1,"PG-13"
746,"Rouge Squad","Games",3,3,3.0000000000000000,0.99,0.99,0.99000000000000000000,2006,1,"NC-17"
747,"Roxanne Rebel","Games",5,5,5.0000000000000000,0.99,0.99,0.99000000000000000000,2006,1,"R"
748,"Rugrats Shakespeare","Action",4,4,4.0000000000000000,0.99,0.99,0.99000000000000000000,2006,1,"PG-13"
290,"Everyone Craft","Foreign",4,4,4.0000000000000000,0.99,0.99,0.99000000000000000000,2006,1,"PG"
750,"Run Pacific","New",3,3,3.0000000000000000,0.99,0.99,0.99000000000000000000,2006,1,"R"
751,"Runaway Tenenbaums","New",6,6,6.0000000000000000,0.99,0.99,0.99000000000000000000,2006,1,"NC-17"
752,"Runner Madigan","Music",6,6,6.0000000000000000,0.99,0.99,0.99000000000000000000,2006,1,"NC-17"
753,"Rush Goodfellas","Family",3,3,3.0000000000000000,0.99,0.99,0.99000000000000000000,2006,1,"PG"
981,"Wolves Desire","Travel",7,7,7.0000000000000000,0.99,0.99,0.99000000000000000000,2006,1,"NC-17"
287,"Entrapment Satisfaction","Action",5,5,5.0000000000000000,0.99,0.99,0.99000000000000000000,2006,1,"R"
931,"Valentine Vanishing","Travel",7,7,7.0000000000000000,0.99,0.99,0.99000000000000000000,2006,1,"PG-13"
932,"Valley Packer","Comedy",3,3,3.0000000000000000,0.99,0.99,0.99000000000000000000,2006,1,"G"
89,"Borrowers Bedazzled","Animation",7,7,7.0000000000000000,0.99,0.99,0.99000000000000000000,2006,1,"G"
87,"Boondock Ballroom","Travel",7,7,7.0000000000000000,0.99,0.99,0.99000000000000000000,2006,1,"NC-17"
935,"Vanished Garden","New",5,5,5.0000000000000000,0.99,0.99,0.99000000000000000000,2006,1,"R"
982,"Women Dorado","Action",4,4,4.0000000000000000,0.99,0.99,0.99000000000000000000,2006,1,"R"
762,"Sassy Packer","Games",6,6,6.0000000000000000,0.99,0.99,0.99000000000000000000,2006,1,"G"
285,"English Bulworth","Sci-Fi",3,3,3.0000000000000000,0.99,0.99,0.99000000000000000000,2006,1,"PG-13"
283,"Ending Crowds","New",6,6,6.0000000000000000,0.99,0.99,0.99000000000000000000,2006,1,"NC-17"
282,"Encounters Curtain","Drama",5,5,5.0000000000000000,0.99,0.99,0.99000000000000000000,2006,1,"NC-17"
766,"Savannah Town","Drama",5,5,5.0000000000000000,0.99,0.99,0.99000000000000000000,2006,1,"PG-13"
281,"Encino Elf","Games",6,6,6.0000000000000000,0.99,0.99,0.99000000000000000000,2006,1,"G"
280,"Empire Malkovich","Children",7,7,7.0000000000000000,0.99,0.99,0.99000000000000000000,2006,1,"G"
275,"Egypt Tenenbaums","Horror",3,3,3.0000000000000000,0.99,0.99,0.99000000000000000000,2006,1,"PG"
11,"Alamo Videotape","Foreign",6,6,6.0000000000000000,0.99,0.99,0.99000000000000000000,2006,1,"G"
273,"Effect Gladiator","Family",6,6,6.0000000000000000,0.99,0.99,0.99000000000000000000,2006,1,"PG"
85,"Bonnie Holocaust","Documentary",4,4,4.0000000000000000,0.99,0.99,0.99000000000000000000,2006,1,"G"
14,"Alice Fantasia","Classics",6,6,6.0000000000000000,0.99,0.99,0.99000000000000000000,2006,1,"NC-17"
940,"Victory Academy","Sports",6,6,6.0000000000000000,0.99,0.99,0.99000000000000000000,2006,1,"PG-13"
270,"Earth Vision","New",7,7,7.0000000000000000,0.99,0.99,0.99000000000000000000,2006,1,"NC-17"
269,"Earring Instinct","Family",3,3,3.0000000000000000,0.99,0.99,0.99000000000000000000,2006,1,"R"
266,"Dynamite Tarzan","Classics",4,4,4.0000000000000000,0.99,0.99,0.99000000000000000000,2006,1,"PG-13"
262,"Dumbo Lust","Family",5,5,5.0000000000000000,0.99,0.99,0.99000000000000000000,2006,1,"NC-17"
261,"Duffel Apocalypse","Documentary",5,5,5.0000000000000000,0.99,0.99,0.99000000000000000000,2006,1,"G"
258,"Drums Dynamite","Horror",6,6,6.0000000000000000,0.99,0.99,0.99000000000000000000,2006,1,"PG"
257,"Drumline Cyclone","Travel",3,3,3.0000000000000000,0.99,0.99,0.99000000000000000000,2006,1,"G"
82,"Blood Argonauts","Family",3,3,3.0000000000000000,0.99,0.99,0.99000000000000000000,2006,1,"G"
942,"Vietnam Smoochy","Drama",7,7,7.0000000000000000,0.99,0.99,0.99000000000000000000,2006,1,"PG-13"
79,"Blade Polish","Drama",5,5,5.0000000000000000,0.99,0.99,0.99000000000000000000,2006,1,"PG-13"
250,"Dragon Squad","Action",4,4,4.0000000000000000,0.99,0.99,0.99000000000000000000,2006,1,"NC-17"
786,"Shepherd Midsummer","Children",7,7,7.0000000000000000,0.99,0.99,0.99000000000000000000,2006,1,"R"
787,"Shining Roses","Travel",4,4,4.0000000000000000,0.99,0.99,0.99000000000000000000,2006,1,"G"
76,"Birdcage Casper","Music",4,4,4.0000000000000000,0.99,0.99,0.99000000000000000000,2006,1,"NC-17"
945,"Virginian Pluto","Documentary",5,5,5.0000000000000000,0.99,0.99,0.99000000000000000000,2006,1,"R"
790,"Shootist Superfly","Drama",6,6,6.0000000000000000,0.99,0.99,0.99000000000000000000,2006,1,"PG-13"
249,"Dracula Crystal","Classics",7,7,7.0000000000000000,0.99,0.99,0.99000000000000000000,2006,1,"G"
66,"Beneath Rush","Children",6,6,6.0000000000000000,0.99,0.99,0.99000000000000000000,2006,1,"NC-17"
947,"Vision Torque","Foreign",5,5,5.0000000000000000,0.99,0.99,0.99000000000000000000,2006,1,"PG-13"
794,"Side Ark","Action",5,5,5.0000000000000000,0.99,0.99,0.99000000000000000000,2006,1,"G"
795,"Siege Madre","Family",7,7,7.0000000000000000,0.99,0.99,0.99000000000000000000,2006,1,"R"
796,"Sierra Divide","Sports",3,3,3.0000000000000000,0.99,0.99,0.99000000000000000000,2006,1,"NC-17"
797,"Silence Kane","Music",7,7,7.0000000000000000,0.99,0.99,0.99000000000000000000,2006,1,"R"
247,"Downhill Enough","Comedy",3,3,3.0000000000000000,0.99,0.99,0.99000000000000000000,2006,1,"G"
799,"Simon North","Horror",3,3,3.0000000000000000,0.99,0.99,0.99000000000000000000,2006,1,"NC-17"
948,"Voice Peach","New",6,6,6.0000000000000000,0.99,0.99,0.99000000000000000000,2006,1,"PG-13"
245,"Double Wrath","Animation",4,4,4.0000000000000000,0.99,0.99,0.99000000000000000000,2006,1,"R"
949,"Volcano Texas","Games",6,6,6.0000000000000000,0.99,0.99,0.99000000000000000000,2006,1,"NC-17"
242,"Doom Dancing","Comedy",4,4,4.0000000000000000,0.99,0.99,0.99000000000000000000,2006,1,"R"
241,"Donnie Alley","Animation",4,4,4.0000000000000000,0.99,0.99,0.99000000000000000000,2006,1,"NC-17"
233,"Disciple Mother","Travel",3,3,3.0000000000000000,0.99,0.99,0.99000000000000000000,2006,1,"PG"
64,"Beethoven Exorcist","Drama",6,6,6.0000000000000000,0.99,0.99,0.99000000000000000000,2006,1,"PG-13"
807,"Sleuth Orient","Games",4,4,4.0000000000000000,0.99,0.99,0.99000000000000000000,2006,1,"NC-17"
808,"Sling Luke","Classics",5,5,5.0000000000000000,0.99,0.99,0.99000000000000000000,2006,1,"R"
809,"Slipper Fidelity","Sports",5,5,5.0000000000000000,0.99,0.99,0.99000000000000000000,2006,1,"PG-13"
810,"Slums Duck","Family",5,5,5.0000000000000000,0.99,0.99,0.99000000000000000000,2006,1,"PG"
951,"Voyage Legally","Classics",6,6,6.0000000000000000,0.99,0.99,0.99000000000000000000,2006,1,"PG-13"
812,"Smoking Barbarella","Documentary",7,7,7.0000000000000000,0.99,0.99,0.99000000000000000000,2006,1,"PG-13"
813,"Smoochy Control","Sports",7,7,7.0000000000000000,0.99,0.99,0.99000000000000000000,2006,1,"R"
228,"Detective Vision","Classics",4,4,4.0000000000000000,0.99,0.99,0.99000000000000000000,2006,1,"PG-13"
18,"Alter Victory","Animation",6,6,6.0000000000000000,0.99,0.99,0.99000000000000000000,2006,1,"PG-13"
816,"Snowman Rollercoaster","Animation",3,3,3.0000000000000000,0.99,0.99,0.99000000000000000000,2006,1,"G"
225,"Destination Jerk","Drama",3,3,3.0000000000000000,0.99,0.99,0.99000000000000000000,2006,1,"PG-13"
221,"Deliverance Mulholland","Documentary",4,4,4.0000000000000000,0.99,0.99,0.99000000000000000000,2006,1,"R"
819,"Song Hedwig","Music",3,3,3.0000000000000000,0.99,0.99,0.99000000000000000000,2006,1,"PG-13"
953,"Wait Cider","Animation",3,3,3.0000000000000000,0.99,0.99,0.99000000000000000000,2006,1,"PG-13"
821,"Sorority Queen","Foreign",6,6,6.0000000000000000,0.99,0.99,0.99000000000000000000,2006,1,"NC-17"
822,"Soup Wisdom","Family",6,6,6.0000000000000000,0.99,0.99,0.99000000000000000000,2006,1,"R"
63,"Bedazzled Married","Family",6,6,6.0000000000000000,0.99,0.99,0.99000000000000000000,2006,1,"PG"
218,"Deceiver Betrayed","Drama",7,7,7.0000000000000000,0.99,0.99,0.99000000000000000000,2006,1,"NC-17"
54,"Banger Pinocchio","Music",5,5,5.0000000000000000,0.99,0.99,0.99000000000000000000,2006,1,"R"
213,"Date Speed","Family",4,4,4.0000000000000000,0.99,0.99,0.99000000000000000000,2006,1,"R"
206,"Dancing Fever","Documentary",6,6,6.0000000000000000,0.99,0.99,0.99000000000000000000,2006,1,"G"
52,"Ballroom Mockingbird","Foreign",6,6,6.0000000000000000,0.99,0.99,0.99000000000000000000,2006,1,"G"
41,"Arsenic Independence","Travel",4,4,4.0000000000000000,0.99,0.99,0.99000000000000000000,2006,1,"PG"
830,"Spirit Flintstones","Horror",7,7,7.0000000000000000,0.99,0.99,0.99000000000000000000,2006,1,"R"
831,"Spirited Casualties","Sci-Fi",5,5,5.0000000000000000,0.99,0.99,0.99000000000000000000,2006,1,"PG-13"
832,"Splash Gump","Family",5,5,5.0000000000000000,0.99,0.99,0.99000000000000000000,2006,1,"PG"
833,"Splendor Patton","Children",5,5,5.0000000000000000,0.99,0.99,0.99000000000000000000,2006,1,"R"
834,"Spoilers Hellfighters","Documentary",4,4,4.0000000000000000,0.99,0.99,0.99000000000000000000,2006,1,"G"
12,"Alaska Phantom","Music",6,6,6.0000000000000000,0.99,0.99,0.99000000000000000000,2006,1,"PG"
996,"Young Language","Documentary",6,6,6.0000000000000000,0.99,0.99,0.99000000000000000000,2006,1,"G"
997,"Youth Kick","Music",4,4,4.0000000000000000,0.99,0.99,0.99000000000000000000,2006,1,"NC-17"
205,"Dances None","Action",3,3,3.0000000000000000,0.99,0.99,0.99000000000000000000,2006,1,"NC-17"
839,"Stallion Sundance","Sci-Fi",5,5,5.0000000000000000,0.99,0.99,0.99000000000000000000,2006,1,"PG-13"
840,"Stampede Disturbing","Games",5,5,5.0000000000000000,0.99,0.99,0.99000000000000000000,2006,1,"R"
40,"Army Flintstones","Documentary",4,4,4.0000000000000000,0.99,0.99,0.99000000000000000000,2006,1,"R"
17,"Alone Trip","Music",3,3,3.0000000000000000,0.99,0.99,0.99000000000000000000,2006,1,"R"
204,"Dalmations Sweden","Drama",4,4,4.0000000000000000,0.99,0.99,0.99000000000000000000,2006,1,"PG"
200,"Curtain Videotape","Games",7,7,7.0000000000000000,0.99,0.99,0.99000000000000000000,2006,1,"PG-13"
504,"Kwai Homeward","Drama",5,5,5.0000000000000000,0.99,0.99,0.99000000000000000000,2006,1,"PG-13"
196,"Cruelty Unforgiven","Classics",7,7,7.0000000000000000,0.99,0.99,0.99000000000000000000,2006,1,"G"
497,"Kill Brotherhood","Documentary",4,4,4.0000000000000000,0.99,0.99,0.99000000000000000000,2006,1,"G"
507,"Ladybugs Armageddon","Games",4,4,4.0000000000000000,0.99,0.99,0.99000000000000000000,2006,1,"NC-17"
496,"Kick Savannah","Travel",3,3,3.0000000000000000,0.99,0.99,0.99000000000000000000,2006,1,"PG-13"
509,"Language Cowboy","Children",5,5,5.0000000000000000,0.99,0.99,0.99000000000000000000,2006,1,"NC-17"
494,"Karate Moon","Horror",4,4,4.0000000000000000,0.99,0.99,0.99000000000000000000,2006,1,"PG-13"
511,"Lawrence Love","Action",7,7,7.0000000000000000,0.99,0.99,0.99000000000000000000,2006,1,"NC-17"
493,"Kane Exorcist","Foreign",5,5,5.0000000000000000,0.99,0.99,0.99000000000000000000,2006,1,"R"
194,"Crow Grease","Action",6,6,6.0000000000000000,0.99,0.99,0.99000000000000000000,2006,1,"PG"
963,"Watch Tracy","Animation",5,5,5.0000000000000000,0.99,0.99,0.99000000000000000000,2006,1,"PG"
492,"Jungle Closer","New",6,6,6.0000000000000000,0.99,0.99,0.99000000000000000000,2006,1,"NC-17"
516,"Legend Jedi","Music",7,7,7.0000000000000000,0.99,0.99,0.99000000000000000000,2006,1,"PG"
517,"Lesson Cleopatra","Sports",3,3,3.0000000000000000,0.99,0.99,0.99000000000000000000,2006,1,"NC-17"
491,"Jumping Wrath","Children",4,4,4.0000000000000000,0.99,0.99,0.99000000000000000000,2006,1,"NC-17"
848,"Stone Fire","Travel",3,3,3.0000000000000000,0.99,0.99,0.99000000000000000000,2006,1,"G"
849,"Storm Happiness","Animation",6,6,6.0000000000000000,0.99,0.99,0.99000000000000000000,2006,1,"NC-17"
489,"Juggler Hardly","Animation",4,4,4.0000000000000000,0.99,0.99,0.99000000000000000000,2006,1,"PG-13"
850,"Story Side","Action",7,7,7.0000000000000000,0.99,0.99,0.99000000000000000000,2006,1,"R"
523,"Lights Deer","Classics",7,7,7.0000000000000000,0.99,0.99,0.99000000000000000000,2006,1,"R"
524,"Lion Uncut","Comedy",6,6,6.0000000000000000,0.99,0.99,0.99000000000000000000,2006,1,"PG"
525,"Loathing Legally","Classics",4,4,4.0000000000000000,0.99,0.99,0.99000000000000000000,2006,1,"R"
851,"Straight Hours","Sports",3,3,3.0000000000000000,0.99,0.99,0.99000000000000000000,2006,1,"R"
488,"Joon Northwest","Sports",3,3,3.0000000000000000,0.99,0.99,0.99000000000000000000,2006,1,"NC-17"
852,"Strangelove Desire","Children",4,4,4.0000000000000000,0.99,0.99,0.99000000000000000000,2006,1,"NC-17"
191,"Crooked Frogmen","Children",6,6,6.0000000000000000,0.99,0.99,0.99000000000000000000,2006,1,"PG-13"
189,"Creatures Shakespeare","Games",3,3,3.0000000000000000,0.99,0.99,0.99000000000000000000,2006,1,"NC-17"
531,"Lose Inch","Foreign",3,3,3.0000000000000000,0.99,0.99,0.99000000000000000000,2006,1,"R"
482,"Jeopardy Encino","Classics",3,3,3.0000000000000000,0.99,0.99,0.99000000000000000000,2006,1,"R"
855,"Streak Ridgemont","Documentary",7,7,7.0000000000000000,0.99,0.99,0.99000000000000000000,2006,1,"PG-13"
534,"Louisiana Harry","Family",5,5,5.0000000000000000,0.99,0.99,0.99000000000000000000,2006,1,"PG-13"
535,"Love Suicides","Horror",6,6,6.0000000000000000,0.99,0.99,0.99000000000000000000,2006,1,"R"
186,"Craft Outfield","Drama",6,6,6.0000000000000000,0.99,0.99,0.99000000000000000000,2006,1,"NC-17"
39,"Armageddon Lost","Sci-Fi",5,5,5.0000000000000000,0.99,0.99,0.99000000000000000000,2006,1,"G"
538,"Loverboy Attacks","New",7,7,7.0000000000000000,0.99,0.99,0.99000000000000000000,2006,1,"PG-13"
178,"Connection Microcosmos","Comedy",6,6,6.0000000000000000,0.99,0.99,0.99000000000000000000,2006,1,"G"
176,"Congeniality Quest","Sports",6,6,6.0000000000000000,0.99,0.99,0.99000000000000000000,2006,1,"PG-13"
168,"Comancheros Enemy","Children",5,5,5.0000000000000000,0.99,0.99,0.99000000000000000000,2006,1,"R"
164,"Coast Rainbow","Documentary",4,4,4.0000000000000000,0.99,0.99,0.99000000000000000000,2006,1,"PG"
479,"Jedi Beneath","Family",7,7,7.0000000000000000,0.99,0.99,0.99000000000000000000,2006,1,"PG"
862,"Summer Scarface","Classics",5,5,5.0000000000000000,0.99,0.99,0.99000000000000000000,2006,1,"G"
545,"Madness Attacks","Foreign",4,4,4.0000000000000000,0.99,0.99,0.99000000000000000000,2006,1,"PG-13"
863,"Sun Confessions","Sci-Fi",5,5,5.0000000000000000,0.99,0.99,0.99000000000000000000,2006,1,"R"
547,"Magic Mallrats","Children",3,3,3.0000000000000000,0.99,0.99,0.99000000000000000000,2006,1,"PG"
864,"Sundance Invasion","Children",5,5,5.0000000000000000,0.99,0.99,0.99000000000000000000,2006,1,"NC-17"
549,"Magnolia Forrester","Action",4,4,4.0000000000000000,0.99,0.99,0.99000000000000000000,2006,1,"PG-13"
163,"Clyde Theory","New",4,4,4.0000000000000000,0.99,0.99,0.99000000000000000000,2006,1,"PG-13"
477,"Jawbreaker Brooklyn","Music",5,5,5.0000000000000000,0.99,0.99,0.99000000000000000000,2006,1,"PG"
552,"Majestic Floats","Documentary",5,5,5.0000000000000000,0.99,0.99,0.99000000000000000000,2006,1,"PG"
553,"Maker Gables","Children",4,4,4.0000000000000000,0.99,0.99,0.99000000000000000000,2006,1,"PG-13"
866,"Sunset Racer","Family",6,6,6.0000000000000000,0.99,0.99,0.99000000000000000000,2006,1,"NC-17"
555,"Mallrats United","Comedy",4,4,4.0000000000000000,0.99,0.99,0.99000000000000000000,2006,1,"PG"
475,"Japanese Run","Horror",6,6,6.0000000000000000,0.99,0.99,0.99000000000000000000,2006,1,"G"
160,"Club Graffiti","Animation",4,4,4.0000000000000000,0.99,0.99,0.99000000000000000000,2006,1,"PG-13"
868,"Superfly Trip","Travel",5,5,5.0000000000000000,0.99,0.99,0.99000000000000000000,2006,1,"PG"
965,"Watership Frontier","Horror",6,6,6.0000000000000000,0.99,0.99,0.99000000000000000000,2006,1,"G"
560,"Mars Roman","Games",6,6,6.0000000000000000,0.99,0.99,0.99000000000000000000,2006,1,"NC-17"
870,"Swarm Gold","Horror",4,4,4.0000000000000000,0.99,0.99,0.99000000000000000000,2006,1,"PG-13"
562,"Masked Bubble","Music",6,6,6.0000000000000000,0.99,0.99,0.99000000000000000000,2006,1,"PG-13"
467,"Intrigue Worst","Foreign",6,6,6.0000000000000000,0.99,0.99,0.99000000000000000000,2006,1,"G"
157,"Clockwork Paradise","Children",7,7,7.0000000000000000,0.99,0.99,0.99000000000000000000,2006,1,"PG-13"
461,"Insects Stone","Animation",3,3,3.0000000000000000,0.99,0.99,0.99000000000000000000,2006,1,"NC-17"
566,"Maude Mod","Foreign",6,6,6.0000000000000000,0.99,0.99,0.99000000000000000000,2006,1,"R"
966,"Wedding Apollo","Documentary",3,3,3.0000000000000000,0.99,0.99,0.99000000000000000000,2006,1,"PG"
458,"Indian Love","Family",4,4,4.0000000000000000,0.99,0.99,0.99000000000000000000,2006,1,"NC-17"
873,"Sweethearts Suspects","Children",3,3,3.0000000000000000,0.99,0.99,0.99000000000000000000,2006,1,"G"
457,"Independence Hotel","Documentary",5,5,5.0000000000000000,0.99,0.99,0.99000000000000000000,2006,1,"NC-17"
990,"World Leathernecks","Horror",3,3,3.0000000000000000,0.99,0.99,0.99000000000000000000,2006,1,"PG-13"
875,"Talented Homicide","Sports",6,6,6.0000000000000000,0.99,0.99,0.99000000000000000000,2006,1,"PG"
38,"Ark Ridgemont","Action",6,6,6.0000000000000000,0.99,0.99,0.99000000000000000000,2006,1,"NC-17"
574,"Midnight Westward","Action",3,3,3.0000000000000000,0.99,0.99,0.99000000000000000000,2006,1,"G"
454,"Impact Aladdin","Music",6,6,6.0000000000000000,0.99,0.99,0.99000000000000000000,2006,1,"PG-13"
877,"Taxi Kick","Music",4,4,4.0000000000000000,0.99,0.99,0.99000000000000000000,2006,1,"PG-13"
577,"Mile Mulan","Sports",4,4,4.0000000000000000,0.99,0.99,0.99000000000000000000,2006,1,"PG"
452,"Illusion Amelie","Foreign",4,4,4.0000000000000000,0.99,0.99,0.99000000000000000000,2006,1,"R"
440,"Hunger Roof","Foreign",6,6,6.0000000000000000,0.99,0.99,0.99000000000000000000,2006,1,"G"
436,"Hours Rage","New",4,4,4.0000000000000000,0.99,0.99,0.99000000000000000000,2006,1,"NC-17"
581,"Minority Kiss","Music",4,4,4.0000000000000000,0.99,0.99,0.99000000000000000000,2006,1,"G"
155,"Cleopatra Devil","New",6,6,6.0000000000000000,0.99,0.99,0.99000000000000000000,2006,1,"PG-13"
434,"Horror Reign","Travel",3,3,3.0000000000000000,0.99,0.99,0.99000000000000000000,2006,1,"R"
153,"Citizen Shrek","Sci-Fi",7,7,7.0000000000000000,0.99,0.99,0.99000000000000000000,2006,1,"G"
585,"Mob Duffel","Drama",4,4,4.0000000000000000,0.99,0.99,0.99000000000000000000,2006,1,"G"
586,"Mockingbird Hollywood","Action",4,4,4.0000000000000000,0.99,0.99,0.99000000000000000000,2006,1,"PG"
430,"Hook Chariots","Animation",7,7,7.0000000000000000,0.99,0.99,0.99000000000000000000,2006,1,"G"
429,"Honey Ties","Sports",3,3,3.0000000000000000,0.99,0.99,0.99000000000000000000,2006,1,"R"
589,"Modern Dorado","Documentary",3,3,3.0000000000000000,0.99,0.99,0.99000000000000000000,2006,1,"PG"
36,"Argonauts Town","Animation",7,7,7.0000000000000000,0.99,0.99,0.99000000000000000000,2006,1,"PG-13"
427,"Homeward Cider","Documentary",5,5,5.0000000000000000,0.99,0.99,0.99000000000000000000,2006,1,"R"
149,"Christmas Moonshine","Children",7,7,7.0000000000000000,0.99,0.99,0.99000000000000000000,2006,1,"NC-17"
593,"Monterey Labyrinth","Horror",6,6,6.0000000000000000,0.99,0.99,0.99000000000000000000,2006,1,"G"
594,"Montezuma Command","Action",6,6,6.0000000000000000,0.99,0.99,0.99000000000000000000,2006,1,"NC-17"
595,"Moon Bunch","Foreign",7,7,7.0000000000000000,0.99,0.99,0.99000000000000000000,2006,1,"PG"
425,"Holy Tadpole","Classics",6,6,6.0000000000000000,0.99,0.99,0.99000000000000000000,2006,1,"R"
424,"Holocaust Highball","Children",6,6,6.0000000000000000,0.99,0.99,0.99000000000000000000,2006,1,"R"
598,"Mosquito Armageddon","Sports",6,6,6.0000000000000000,0.99,0.99,0.99000000000000000000,2006,1,"G"
599,"Mother Oleander","Sports",3,3,3.0000000000000000,0.99,0.99,0.99000000000000000000,2006,1,"R"
600,"Motions Details","Horror",5,5,5.0000000000000000,0.99,0.99,0.99000000000000000000,2006,1,"PG"
601,"Moulin Wake","Travel",4,4,4.0000000000000000,0.99,0.99,0.99000000000000000000,2006,1,"PG-13"
602,"Mourning Purple","Sci-Fi",5,5,5.0000000000000000,0.99,0.99,0.99000000000000000000,2006,1,"PG"
423,"Hollywood Anonymous","Children",7,7,7.0000000000000000,0.99,0.99,0.99000000000000000000,2006,1,"PG"
604,"Mulan Moon","Comedy",4,4,4.0000000000000000,0.99,0.99,0.99000000000000000000,2006,1,"G"
882,"Tenenbaums Command","Drama",4,4,4.0000000000000000,0.99,0.99,0.99000000000000000000,2006,1,"PG-13"
606,"Mummy Creatures","Sports",3,3,3.0000000000000000,0.99,0.99,0.99000000000000000000,2006,1,"NC-17"
418,"Hobbit Alien","Drama",5,5,5.0000000000000000,0.99,0.99,0.99000000000000000000,2006,1,"PG-13"
147,"Chocolat Harry","Family",5,5,5.0000000000000000,0.99,0.99,0.99000000000000000000,2006,1,"NC-17"
143,"Chill Luck","Drama",6,6,6.0000000000000000,0.99,0.99,0.99000000000000000000,2006,1,"PG"
610,"Music Boondock","Family",7,7,7.0000000000000000,0.99,0.99,0.99000000000000000000,2006,1,"R"
417,"Hills Neighbors","Action",5,5,5.0000000000000000,0.99,0.99,0.99000000000000000000,2006,1,"G"
885,"Texas Watch","Horror",7,7,7.0000000000000000,0.99,0.99,0.99000000000000000000,2006,1,"NC-17"
613,"Mystic Truman","Comedy",5,5,5.0000000000000000,0.99,0.99,0.99000000000000000000,2006,1,"NC-17"
416,"Highball Potter","Foreign",6,6,6.0000000000000000,0.99,0.99,0.99000000000000000000,2006,1,"R"
886,"Theory Mermaid","Animation",5,5,5.0000000000000000,0.99,0.99,0.99000000000000000000,2006,1,"PG-13"
142,"Chicken Hellfighters","Documentary",3,3,3.0000000000000000,0.99,0.99,0.99000000000000000000,2006,1,"PG"
617,"Natural Stock","Family",4,4,4.0000000000000000,0.99,0.99,0.99000000000000000000,2006,1,"PG-13"
618,"Necklace Outbreak","Drama",3,3,3.0000000000000000,0.99,0.99,0.99000000000000000000,2006,1,"PG"
619,"Neighbors Charade","Sports",3,3,3.0000000000000000,0.99,0.99,0.99000000000000000000,2006,1,"R"
140,"Cheaper Clyde","Sci-Fi",6,6,6.0000000000000000,0.99,0.99,0.99000000000000000000,2006,1,"G"
132,"Chainsaw Uptown","Sci-Fi",6,6,6.0000000000000000,0.99,0.99,0.99000000000000000000,2006,1,"PG"
622,"Newsies Story","Documentary",4,4,4.0000000000000000,0.99,0.99,0.99000000000000000000,2006,1,"G"
623,"Newton Labyrinth","Foreign",4,4,4.0000000000000000,0.99,0.99,0.99000000000000000000,2006,1,"PG"
407,"Hawk Chill","Documentary",5,5,5.0000000000000000,0.99,0.99,0.99000000000000000000,2006,1,"PG-13"
625,"None Spiking","Sci-Fi",3,3,3.0000000000000000,0.99,0.99,0.99000000000000000000,2006,1,"NC-17"
1,"Academy Dinosaur","Documentary",6,6,6.0000000000000000,0.99,0.99,0.99000000000000000000,2006,1,"PG"
406,"Haunting Pianist","Games",5,5,5.0000000000000000,0.99,0.99,0.99000000000000000000,2006,1,"R"
890,"Tights Dawn","Sports",5,5,5.0000000000000000,0.99,0.99,0.99000000000000000000,2006,1,"R"
629,"Notorious Reunion","Documentary",7,7,7.0000000000000000,0.99,0.99,0.99000000000000000000,2006,1,"NC-17"
630,"Notting Speakeasy","Drama",7,7,7.0000000000000000,0.99,0.99,0.99000000000000000000,2006,1,"PG-13"
631,"Novocaine Flight","Sports",4,4,4.0000000000000000,0.99,0.99,0.99000000000000000000,2006,1,"G"
404,"Hate Handicap","Comedy",4,4,4.0000000000000000,0.99,0.99,0.99000000000000000000,2006,1,"PG"
402,"Harper Dying","Animation",3,3,3.0000000000000000,0.99,0.99,0.99000000000000000000,2006,1,"G"
634,"Odds Boogie","Family",6,6,6.0000000000000000,0.99,0.99,0.99000000000000000000,2006,1,"NC-17"
635,"Oklahoma Jumanji","New",7,7,7.0000000000000000,0.99,0.99,0.99000000000000000000,2006,1,"PG"
636,"Oleander Clue","Music",5,5,5.0000000000000000,0.99,0.99,0.99000000000000000000,2006,1,"PG"
401,"Harold French","Drama",6,6,6.0000000000000000,0.99,0.99,0.99000000000000000000,2006,1,"NC-17"
891,"Timberland Sky","Classics",3,3,3.0000000000000000,0.99,0.99,0.99000000000000000000,2006,1,"G"
395,"Handicap Boondock","Action",4,4,4.0000000000000000,0.99,0.99,0.99000000000000000000,2006,1,"R"
388,"Gunfight Moon","Comedy",5,5,5.0000000000000000,0.99,0.99,0.99000000000000000000,2006,1,"NC-17"
641,"Orange Grapes","Foreign",4,4,4.0000000000000000,0.99,0.99,0.99000000000000000000,2006,1,"PG-13"
130,"Celebrity Horn","Action",7,7,7.0000000000000000,0.99,0.99,0.99000000000000000000,2006,1,"PG-13"
128,"Catch Amistad","Foreign",7,7,7.0000000000000000,0.99,0.99,0.99000000000000000000,2006,1,"G"
894,"Tomatoes Hellfighters","Travel",6,6,6.0000000000000000,0.99,0.99,0.99000000000000000000,2006,1,"PG"
970,"Westward Seabiscuit","Classics",7,7,7.0000000000000000,0.99,0.99,0.99000000000000000000,2006,1,"NC-17"
646,"Outbreak Divine","Games",6,6,6.0000000000000000,0.99,0.99,0.99000000000000000000,2006,1,"NC-17"
647,"Outfield Massacre","Music",4,4,4.0000000000000000,0.99,0.99,0.99000000000000000000,2006,1,"NC-17"
387,"Gun Bonnie","Games",7,7,7.0000000000000000,0.99,0.99,0.99000000000000000000,2006,1,"G"
896,"Tootsie Pilot","Children",3,3,3.0000000000000000,0.99,0.99,0.99000000000000000000,2006,1,"PG"
650,"Pacific Amistad","Documentary",3,3,3.0000000000000000,0.99,0.99,0.99000000000000000000,2006,1,"G"
651,"Packer Madigan","Animation",3,3,3.0000000000000000,0.99,0.99,0.99000000000000000000,2006,1,"PG-13"
652,"Pajama Jawbreaker","Classics",3,3,3.0000000000000000,0.99,0.99,0.99000000000000000000,2006,1,"R"
383,"Groove Fiction","Sports",6,6,6.0000000000000000,0.99,0.99,0.99000000000000000000,2006,1,"NC-17"
382,"Grit Clockwork","Games",3,3,3.0000000000000000,0.99,0.99,0.99000000000000000000,2006,1,"PG"
379,"Greedy Roots","Drama",7,7,7.0000000000000000,0.99,0.99,0.99000000000000000000,2006,1,"R"
656,"Papi Necklace","Travel",3,3,3.0000000000000000,0.99,0.99,0.99000000000000000000,2006,1,"PG"
122,"Carrie Bunch","Horror",7,7,7.0000000000000000,0.99,0.99,0.99000000000000000000,2006,1,"PG"
119,"Caper Motions","Comedy",6,6,6.0000000000000000,0.99,0.99,0.99000000000000000000,2006,1,"G"
377,"Grease Youth","Family",7,7,7.0000000000000000,0.99,0.99,0.99000000000000000000,2006,1,"G"
